maintenance_id,truck_id,maintenance_date,maintenance_type,odometer_reading,labor_hours,labor_cost,parts_cost,total_cost,facility_location,downtime_hours,service_description
maint00000001,trk00085,2022-01-01,inspection,400255,7.8,781.42,10.41,791.83,kansas city,22.2,emergency inspection
maint00000002,trk00041,2022-01-01,tire,268041,0.9,80.91,3207.16,3288.07,seattle,8.0,scheduled tire
maint00000003,trk00090,2022-01-01,preventive,698915,7.2,733.18,1570.57,2303.75,miami,16.5,routine preventive
maint00000004,trk00056,2022-01-02,inspection,416522,2.8,298.8,67.48,366.28,kansas city,34.6,emergency inspection
maint00000005,trk00029,2022-01-02,repair,179968,4.6,409.08,982.59,1391.67,omaha,4.4,emergency repair
maint00000006,trk00120,2022-01-02,preventive,680507,5.0,498.12,3029.54,3527.66,omaha,43.5,scheduled preventive
maint00000007,trk00017,2022-01-02,repair,599078,0.9,83.38,1098.9,1182.28,denver,34.8,emergency repair
maint00000008,trk00038,2022-01-03,tire,605379,7.1,785.79,1483.25,2269.04,miami,3.9,scheduled tire
maint00000009,trk00054,2022-01-03,inspection,232147,4.0,371.51,143.21,514.72,dallas,14.0,routine inspection
maint00000010,trk00076,2022-01-03,inspection,222428,0.6,74.65,14.12,88.77,columbus,23.0,emergency inspection
maint00000011,trk00075,2022-01-04,preventive,316796,2.2,208.96,2521.65,2730.61,atlanta,30.1,emergency preventive
maint00000012,trk00075,2022-01-05,tire,422318,6.9,713.9,2958.89,3672.79,nashville,39.8,scheduled tire
maint00000013,trk00102,2022-01-05,preventive,191896,3.4,320.22,3187.72,3507.94,columbus,13.1,scheduled preventive
maint00000014,trk00107,2022-01-05,transmission,743890,0.8,86.23,1060.27,1146.5,philadelphia,3.8,routine transmission
maint00000015,trk00099,2022-01-06,brake,335024,4.5,540.61,1202.57,1743.18,las vegas,5.4,routine brake
maint00000016,trk00096,2022-01-06,transmission,602868,5.0,549.31,1569.41,2118.72,new york,33.5,scheduled transmission
maint00000017,trk00067,2022-01-06,repair,140744,3.3,398.02,1741.81,2139.83,columbus,24.3,emergency repair
maint00000018,trk00105,2022-01-06,transmission,169446,2.3,213.74,3292.48,3506.22,nashville,13.6,scheduled transmission
maint00000019,trk00052,2022-01-08,brake,416258,7.1,817.97,2041.84,2859.81,dallas,24.8,scheduled brake
maint00000020,trk00042,2022-01-08,transmission,321175,0.7,72.4,64.06,136.46,kansas city,41.7,emergency transmission
maint00000021,trk00044,2022-01-08,brake,414068,6.6,578.45,467.98,1046.43,detroit,7.1,emergency brake
maint00000022,trk00112,2022-01-08,brake,600597,4.8,470.26,477.73,947.99,nashville,17.7,emergency brake
maint00000023,trk00072,2022-01-09,repair,341871,7.3,637.67,1030.93,1668.6,charlotte,11.2,routine repair
maint00000024,trk00068,2022-01-09,preventive,439480,4.3,477.14,2446.27,2923.41,kansas city,8.5,routine preventive
maint00000025,trk00015,2022-01-09,brake,597392,4.1,410.5,944.57,1355.07,new york,6.1,emergency brake
maint00000026,trk00070,2022-01-10,tire,52211,5.3,559.51,2440.72,3000.23,minneapolis,31.1,scheduled tire
maint00000027,trk00008,2022-01-10,transmission,412408,1.4,156.92,2509.7,2666.62,phoenix,28.9,emergency transmission
maint00000028,trk00046,2022-01-10,brake,477257,4.5,459.8,996.88,1456.68,portland,27.1,emergency brake
maint00000029,trk00110,2022-01-10,tire,512580,1.3,120.48,1986.74,2107.22,minneapolis,38.6,emergency tire
maint00000030,trk00065,2022-01-10,repair,531717,0.7,67.34,2353.98,2421.32,omaha,40.0,scheduled repair
maint00000031,trk00091,2022-01-11,preventive,86945,3.5,370.22,3247.63,3617.85,los angeles,35.0,emergency preventive
maint00000032,trk00093,2022-01-11,preventive,747986,2.9,256.81,1550.12,1806.93,miami,9.1,routine preventive
maint00000033,trk00029,2022-01-11,engine,213961,3.6,373.4,698.65,1072.05,portland,23.4,emergency engine
maint00000034,trk00077,2022-01-11,repair,479412,0.9,92.6,1010.33,1102.93,omaha,26.6,emergency repair
maint00000035,trk00034,2022-01-12,preventive,613026,4.5,516.01,1874.09,2390.1,nashville,25.3,scheduled preventive
maint00000036,trk00006,2022-01-12,engine,183616,1.5,129.95,2094.46,2224.41,detroit,36.5,routine engine
maint00000037,trk00117,2022-01-12,inspection,563953,1.1,121.15,13.56,134.71,minneapolis,7.5,scheduled inspection
maint00000038,trk00025,2022-01-12,repair,248118,2.7,286.6,1636.24,1922.84,omaha,23.4,scheduled repair
maint00000039,trk00003,2022-01-13,engine,162744,7.8,915.93,1554.25,2470.18,denver,19.6,routine engine
maint00000040,trk00034,2022-01-13,transmission,575306,8.0,750.05,3028.64,3778.69,philadelphia,18.6,routine transmission
maint00000041,trk00029,2022-01-13,tire,707686,5.9,670.86,165.0,835.86,phoenix,8.5,emergency tire
maint00000042,trk00077,2022-01-13,inspection,93731,2.8,348.5,126.74,475.24,miami,21.1,routine inspection
maint00000043,trk00099,2022-01-13,preventive,194594,0.8,75.58,3478.03,3553.61,miami,5.7,routine preventive
maint00000044,trk00006,2022-01-14,engine,629714,4.2,386.73,1058.81,1445.54,denver,23.1,routine engine
maint00000045,trk00032,2022-01-14,engine,250887,3.7,451.6,1480.04,1931.64,miami,47.2,routine engine
maint00000046,trk00046,2022-01-15,preventive,204480,1.5,176.83,2490.06,2666.89,omaha,16.2,emergency preventive
maint00000047,trk00006,2022-01-15,inspection,678182,1.8,216.9,124.7,341.6,milwaukee,17.6,scheduled inspection
maint00000048,trk00013,2022-01-15,inspection,279252,0.9,82.13,110.0,192.13,atlanta,48.0,scheduled inspection
maint00000049,trk00027,2022-01-17,repair,542033,2.6,226.89,2765.04,2991.93,las vegas,33.8,scheduled repair
maint00000050,trk00006,2022-01-17,repair,615274,2.8,343.6,1866.29,2209.89,salt lake city,3.4,emergency repair
maint00000051,trk00090,2022-01-17,tire,588542,3.7,418.6,1210.56,1629.16,chicago,5.1,emergency tire
maint00000052,trk00087,2022-01-18,brake,188929,4.7,449.12,3135.39,3584.51,phoenix,30.2,emergency brake
maint00000053,trk00027,2022-01-19,repair,572530,5.6,556.33,2371.49,2927.82,minneapolis,43.4,routine repair
maint00000054,trk00075,2022-01-19,repair,587436,0.7,74.13,78.69,152.82,kansas city,19.5,scheduled repair
maint00000055,trk00050,2022-01-20,inspection,406500,6.0,637.02,84.78,721.8,indianapolis,32.3,scheduled inspection
maint00000056,trk00098,2022-01-20,tire,681754,5.8,519.14,3213.9,3733.04,omaha,13.4,scheduled tire
maint00000057,trk00090,2022-01-21,transmission,578371,2.0,213.35,1682.53,1895.88,phoenix,45.4,scheduled transmission
maint00000058,trk00107,2022-01-21,inspection,278740,5.1,549.9,67.42,617.32,philadelphia,46.5,scheduled inspection
maint00000059,trk00001,2022-01-21,tire,745241,5.2,489.56,2142.69,2632.25,oklahoma city,20.7,routine tire
maint00000060,trk00068,2022-01-21,preventive,552941,7.4,773.34,1371.24,2144.58,phoenix,6.4,emergency preventive
maint00000061,trk00084,2022-01-22,inspection,408241,7.1,716.44,51.57,768.01,los angeles,27.1,routine inspection
maint00000062,trk00118,2022-01-22,preventive,577806,3.1,358.03,1493.86,1851.89,omaha,21.3,routine preventive
maint00000063,trk00106,2022-01-22,brake,618758,2.3,229.24,2703.73,2932.97,memphis,23.0,scheduled brake
maint00000064,trk00046,2022-01-23,engine,613522,6.1,629.35,702.56,1331.91,memphis,30.2,routine engine
maint00000065,trk00064,2022-01-23,engine,671914,2.5,304.1,2028.26,2332.36,kansas city,4.2,scheduled engine
maint00000066,trk00061,2022-01-23,tire,634731,2.3,285.6,2714.98,3000.58,memphis,16.8,emergency tire
maint00000067,trk00107,2022-01-23,brake,695167,6.6,565.13,783.81,1348.94,atlanta,2.5,scheduled brake
maint00000068,trk00036,2022-01-24,tire,738542,1.2,103.31,3215.47,3318.78,atlanta,22.0,scheduled tire
maint00000069,trk00037,2022-01-24,engine,103146,1.9,169.06,1877.97,2047.03,miami,25.5,emergency engine
maint00000070,trk00029,2022-01-25,engine,168425,5.6,619.59,2043.1,2662.69,phoenix,35.8,scheduled engine
maint00000071,trk00096,2022-01-25,engine,518475,4.6,431.06,98.16,529.22,seattle,14.4,routine engine
maint00000072,trk00096,2022-01-25,inspection,512578,3.3,384.05,149.23,533.28,phoenix,2.5,emergency inspection
maint00000073,trk00080,2022-01-27,brake,128003,6.5,752.94,2233.68,2986.62,charlotte,34.0,emergency brake
maint00000074,trk00089,2022-01-27,brake,226638,3.1,352.34,1444.42,1796.76,memphis,26.8,scheduled brake
maint00000075,trk00060,2022-01-27,engine,446881,7.1,714.29,2599.71,3314.0,las vegas,46.4,routine engine
maint00000076,trk00100,2022-01-28,tire,164286,7.6,899.53,694.87,1594.4,memphis,45.3,routine tire
maint00000077,trk00103,2022-01-28,engine,705539,4.9,539.43,875.58,1415.01,new york,43.7,scheduled engine
maint00000078,trk00076,2022-01-28,engine,267165,4.1,349.13,1516.37,1865.5,milwaukee,17.2,scheduled engine
maint00000079,trk00019,2022-01-29,brake,454305,1.6,164.43,680.22,844.65,denver,18.5,scheduled brake
maint00000080,trk00049,2022-01-29,transmission,326092,1.2,134.33,2396.94,2531.27,los angeles,2.3,emergency transmission
maint00000081,trk00001,2022-01-29,brake,290198,2.5,220.3,1528.43,1748.73,atlanta,42.4,routine brake
maint00000082,trk00102,2022-01-30,transmission,683454,4.3,533.03,2309.25,2842.28,los angeles,18.9,emergency transmission
maint00000083,trk00004,2022-01-30,transmission,309629,5.6,560.21,2783.35,3343.56,los angeles,26.7,routine transmission
maint00000084,trk00086,2022-01-30,brake,664666,3.7,407.54,1928.67,2336.21,charlotte,17.7,scheduled brake
maint00000085,trk00034,2022-01-31,preventive,652476,1.3,153.77,3131.87,3285.64,memphis,16.3,scheduled preventive
maint00000086,trk00100,2022-01-31,transmission,421919,3.4,358.77,1730.08,2088.85,charlotte,7.4,scheduled transmission
maint00000087,trk00072,2022-01-31,inspection,637198,3.7,386.55,89.01,475.56,atlanta,4.2,emergency inspection
maint00000088,trk00066,2022-01-31,transmission,303702,1.5,186.61,2461.1,2647.71,philadelphia,11.8,emergency transmission
maint00000089,trk00091,2022-02-01,tire,338636,0.9,111.68,2519.67,2631.35,miami,28.2,emergency tire
maint00000090,trk00067,2022-02-01,transmission,726406,0.6,56.91,52.19,109.1,oklahoma city,34.9,routine transmission
maint00000091,trk00026,2022-02-01,engine,562437,2.2,242.81,1536.83,1779.64,las vegas,12.2,scheduled engine
maint00000092,trk00113,2022-02-02,transmission,744719,7.1,634.39,913.61,1548.0,portland,18.3,scheduled transmission
maint00000093,trk00115,2022-02-02,engine,337651,3.7,439.83,552.41,992.24,chicago,47.5,scheduled engine
maint00000094,trk00085,2022-02-02,preventive,411248,0.5,54.23,1052.86,1107.09,columbus,30.2,emergency preventive
maint00000095,trk00119,2022-02-03,repair,612801,2.1,255.88,2878.52,3134.4,minneapolis,3.1,scheduled repair
maint00000096,trk00041,2022-02-03,repair,404864,4.6,516.06,1493.71,2009.77,atlanta,26.8,routine repair
maint00000097,trk00081,2022-02-03,brake,592415,6.4,639.44,3093.23,3732.67,nashville,24.4,scheduled brake
maint00000098,trk00098,2022-02-04,preventive,71264,0.6,70.04,2640.66,2710.7,phoenix,38.4,scheduled preventive
maint00000099,trk00032,2022-02-04,engine,176295,4.8,443.87,98.5,542.37,seattle,4.0,routine engine
maint00000100,trk00029,2022-02-05,repair,689101,4.7,513.81,609.27,1123.08,detroit,8.2,routine repair
maint00000101,trk00109,2022-02-05,preventive,289082,6.1,539.81,914.45,1454.26,los angeles,35.5,routine preventive
maint00000102,trk00086,2022-02-05,inspection,716219,7.8,721.86,84.38,806.24,indianapolis,7.3,routine inspection
maint00000103,trk00066,2022-02-05,repair,491808,3.8,470.76,970.12,1440.88,seattle,20.7,emergency repair
maint00000104,trk00012,2022-02-06,inspection,284049,3.8,371.49,34.19,405.68,atlanta,6.9,scheduled inspection
maint00000105,trk00081,2022-02-07,engine,381108,3.7,374.83,1483.38,1858.21,oklahoma city,35.4,emergency engine
maint00000106,trk00099,2022-02-07,brake,674761,3.9,453.36,2138.85,2592.21,houston,3.3,emergency brake
maint00000107,trk00028,2022-02-08,tire,339119,2.7,312.6,2501.06,2813.66,philadelphia,20.6,scheduled tire
maint00000108,trk00096,2022-02-08,engine,551149,7.7,684.72,1854.93,2539.65,columbus,37.1,emergency engine
maint00000109,trk00022,2022-02-09,transmission,688664,4.0,415.13,1553.4,1968.53,portland,13.3,routine transmission
maint00000110,trk00081,2022-02-09,preventive,577731,2.3,245.54,1685.39,1930.93,charlotte,38.7,routine preventive
maint00000111,trk00056,2022-02-09,tire,181455,0.6,51.93,1293.62,1345.55,houston,39.1,emergency tire
maint00000112,trk00059,2022-02-09,brake,100684,3.0,327.69,171.19,498.88,nashville,38.0,emergency brake
maint00000113,trk00109,2022-02-09,preventive,624372,7.7,739.89,2826.17,3566.06,minneapolis,39.5,scheduled preventive
maint00000114,trk00050,2022-02-09,brake,268397,4.6,489.49,1737.66,2227.15,chicago,40.9,scheduled brake
maint00000115,trk00041,2022-02-10,inspection,629206,6.9,659.6,76.24,735.84,miami,42.3,routine inspection
maint00000116,trk00045,2022-02-10,preventive,632936,1.8,177.85,2399.17,2577.02,new york,17.2,routine preventive
maint00000117,trk00035,2022-02-11,transmission,78058,6.3,561.71,1711.51,2273.22,denver,30.7,scheduled transmission
maint00000118,trk00086,2022-02-11,engine,154004,4.2,412.79,335.36,748.15,atlanta,11.5,emergency engine
maint00000119,trk00006,2022-02-12,tire,567636,7.9,719.89,3334.38,4054.27,los angeles,36.9,scheduled tire
maint00000120,trk00049,2022-02-13,preventive,211205,7.2,769.9,2828.92,3598.82,nashville,21.1,emergency preventive
maint00000121,trk00113,2022-02-13,tire,170468,4.9,610.06,1460.49,2070.55,columbus,5.4,scheduled tire
maint00000122,trk00119,2022-02-14,transmission,462908,6.5,733.91,1590.45,2324.36,indianapolis,13.5,scheduled transmission
maint00000123,trk00031,2022-02-14,inspection,143459,3.0,314.42,15.76,330.18,denver,21.4,routine inspection
maint00000124,trk00079,2022-02-14,repair,502495,3.9,483.54,2303.54,2787.08,phoenix,32.0,emergency repair
maint00000125,trk00005,2022-02-14,repair,351354,6.0,638.01,3357.44,3995.45,minneapolis,16.9,routine repair
maint00000126,trk00104,2022-02-15,repair,489564,4.0,358.44,3254.12,3612.56,seattle,26.2,routine repair
maint00000127,trk00016,2022-02-15,brake,261631,1.2,104.59,3407.95,3512.54,miami,22.0,routine brake
maint00000128,trk00016,2022-02-17,transmission,552302,0.6,51.61,3105.1,3156.71,indianapolis,14.0,emergency transmission
maint00000129,trk00103,2022-02-17,brake,130815,3.6,311.42,715.23,1026.65,nashville,25.5,emergency brake
maint00000130,trk00011,2022-02-17,repair,409819,2.9,347.31,1156.26,1503.57,portland,22.3,scheduled repair
maint00000131,trk00092,2022-02-17,inspection,119253,5.7,535.8,13.05,548.85,milwaukee,6.4,routine inspection
maint00000132,trk00024,2022-02-17,preventive,500954,1.0,98.16,2815.96,2914.12,charlotte,20.3,emergency preventive
maint00000133,trk00067,2022-02-18,transmission,592185,7.2,740.42,994.07,1734.49,phoenix,6.2,routine transmission
maint00000134,trk00011,2022-02-18,preventive,331943,3.7,440.06,308.57,748.63,indianapolis,33.5,emergency preventive
maint00000135,trk00078,2022-02-18,inspection,146493,5.3,475.39,93.48,568.87,phoenix,7.8,emergency inspection
maint00000136,trk00018,2022-02-18,brake,233517,1.0,98.43,116.89,215.32,columbus,24.4,routine brake
maint00000137,trk00035,2022-02-18,preventive,440281,1.0,122.73,387.25,509.98,los angeles,23.3,routine preventive
maint00000138,trk00066,2022-02-18,transmission,542322,2.6,251.72,2579.26,2830.98,milwaukee,31.2,emergency transmission
maint00000139,trk00068,2022-02-18,tire,628516,2.5,215.13,1381.9,1597.03,philadelphia,44.4,emergency tire
maint00000140,trk00107,2022-02-19,tire,540716,3.0,296.29,1403.47,1699.76,houston,30.9,routine tire
maint00000141,trk00038,2022-02-19,inspection,206551,5.5,545.52,56.58,602.1,phoenix,36.1,scheduled inspection
maint00000142,trk00078,2022-02-19,transmission,612070,6.4,706.84,921.16,1628.0,memphis,31.2,emergency transmission
maint00000143,trk00105,2022-02-19,preventive,463193,1.8,204.74,984.72,1189.46,memphis,11.8,scheduled preventive
maint00000144,trk00002,2022-02-19,engine,125357,4.1,436.05,1177.2,1613.25,miami,10.3,emergency engine
maint00000145,trk00112,2022-02-22,brake,124656,5.5,604.11,3207.29,3811.4,chicago,22.8,scheduled brake
maint00000146,trk00094,2022-02-22,tire,594906,4.6,434.55,1691.5,2126.05,dallas,29.7,emergency tire
maint00000147,trk00024,2022-02-23,engine,414650,7.5,850.35,1659.65,2510.0,milwaukee,26.4,scheduled engine
maint00000148,trk00037,2022-02-24,transmission,68377,1.3,148.57,1379.82,1528.39,philadelphia,7.3,scheduled transmission
maint00000149,trk00019,2022-02-25,repair,536474,3.4,341.14,1960.2,2301.34,las vegas,46.3,scheduled repair
maint00000150,trk00071,2022-02-26,repair,534063,2.4,280.26,3105.12,3385.38,philadelphia,28.5,routine repair
maint00000151,trk00018,2022-02-26,preventive,206620,2.5,229.87,2486.46,2716.33,omaha,20.1,emergency preventive
maint00000152,trk00087,2022-02-26,engine,611302,5.3,462.28,1861.18,2323.46,portland,28.9,routine engine
maint00000153,trk00044,2022-02-26,repair,229722,5.0,434.84,273.5,708.34,minneapolis,36.5,emergency repair
maint00000154,trk00015,2022-02-27,inspection,654292,4.8,531.18,78.76,609.94,los angeles,3.3,scheduled inspection
maint00000155,trk00111,2022-02-27,inspection,493125,4.8,525.06,104.99,630.05,indianapolis,16.0,scheduled inspection
maint00000156,trk00104,2022-02-27,tire,426562,6.2,619.72,1675.46,2295.18,indianapolis,34.4,scheduled tire
maint00000157,trk00099,2022-02-28,inspection,653162,1.3,159.9,47.99,207.89,omaha,2.5,routine inspection
maint00000158,trk00076,2022-03-01,tire,421835,2.5,220.18,989.59,1209.77,indianapolis,6.5,emergency tire
maint00000159,trk00027,2022-03-01,preventive,299803,0.6,71.43,1220.52,1291.95,charlotte,10.9,routine preventive
maint00000160,trk00092,2022-03-01,repair,611879,0.7,68.09,3306.31,3374.4,miami,32.5,emergency repair
maint00000161,trk00002,2022-03-01,repair,667173,7.6,704.41,1519.54,2223.95,omaha,46.7,emergency repair
maint00000162,trk00064,2022-03-01,transmission,262471,2.2,248.33,1502.54,1750.87,atlanta,16.8,scheduled transmission
maint00000163,trk00111,2022-03-01,tire,256588,2.8,316.75,2859.27,3176.02,phoenix,9.2,scheduled tire
maint00000164,trk00067,2022-03-02,repair,329799,4.5,427.73,629.11,1056.84,memphis,46.2,scheduled repair
maint00000165,trk00039,2022-03-04,inspection,439811,1.9,185.39,49.64,235.03,seattle,16.2,routine inspection
maint00000166,trk00012,2022-03-04,repair,743793,2.3,235.39,3345.86,3581.25,columbus,18.4,routine repair
maint00000167,trk00006,2022-03-05,transmission,133743,5.5,648.56,907.39,1555.95,omaha,6.6,routine transmission
maint00000168,trk00105,2022-03-05,repair,255628,6.3,650.68,206.9,857.58,omaha,3.8,scheduled repair
maint00000169,trk00087,2022-03-05,brake,323691,3.7,397.78,1114.08,1511.86,seattle,6.9,emergency brake
maint00000170,trk00100,2022-03-05,inspection,132868,0.5,51.03,94.06,145.09,detroit,32.2,scheduled inspection
maint00000171,trk00067,2022-03-05,brake,89052,7.6,925.0,759.79,1684.79,miami,13.7,scheduled brake
maint00000172,trk00096,2022-03-06,tire,233055,7.6,765.48,521.82,1287.3,houston,31.6,scheduled tire
maint00000173,trk00110,2022-03-06,tire,749559,1.4,164.91,953.73,1118.64,philadelphia,8.8,emergency tire
maint00000174,trk00048,2022-03-07,tire,470225,7.7,917.77,2548.35,3466.12,portland,12.7,routine tire
maint00000175,trk00043,2022-03-07,transmission,471262,3.0,353.81,390.46,744.27,phoenix,16.9,emergency transmission
maint00000176,trk00057,2022-03-07,preventive,376369,6.4,712.94,88.77,801.71,kansas city,9.2,routine preventive
maint00000177,trk00033,2022-03-08,preventive,409247,4.3,482.76,2152.41,2635.17,memphis,28.9,scheduled preventive
maint00000178,trk00116,2022-03-09,tire,581242,7.1,855.41,3203.2,4058.61,los angeles,15.3,routine tire
maint00000179,trk00073,2022-03-09,preventive,381399,0.9,109.58,2904.64,3014.22,detroit,19.7,routine preventive
maint00000180,trk00084,2022-03-10,inspection,328355,1.8,154.05,70.82,224.87,oklahoma city,40.9,routine inspection
maint00000181,trk00021,2022-03-10,engine,662680,6.8,583.42,3168.59,3752.01,detroit,9.8,scheduled engine
maint00000182,trk00118,2022-03-10,tire,428623,6.5,702.06,325.37,1027.43,phoenix,18.8,scheduled tire
maint00000183,trk00016,2022-03-10,preventive,657114,6.2,656.5,1501.36,2157.86,houston,12.5,scheduled preventive
maint00000184,trk00060,2022-03-11,preventive,578004,6.4,605.11,2116.98,2722.09,salt lake city,43.2,emergency preventive
maint00000185,trk00067,2022-03-11,inspection,218452,2.9,314.67,87.1,401.77,miami,28.0,scheduled inspection
maint00000186,trk00104,2022-03-11,inspection,471446,7.2,712.01,7.54,719.55,detroit,46.0,scheduled inspection
maint00000187,trk00096,2022-03-12,tire,106841,4.8,573.25,752.86,1326.11,phoenix,34.6,emergency tire
maint00000188,trk00058,2022-03-13,repair,489503,6.7,678.46,2409.05,3087.51,chicago,24.9,scheduled repair
maint00000189,trk00097,2022-03-13,transmission,405690,2.6,313.07,1220.73,1533.8,seattle,2.2,routine transmission
maint00000190,trk00045,2022-03-13,engine,258266,5.4,662.62,526.38,1189.0,milwaukee,3.4,routine engine
maint00000191,trk00082,2022-03-13,transmission,556935,1.0,87.67,1860.18,1947.85,columbus,17.4,routine transmission
maint00000192,trk00005,2022-03-13,brake,451166,7.7,838.25,2149.13,2987.38,las vegas,12.0,emergency brake
maint00000193,trk00035,2022-03-14,repair,582269,2.1,240.42,2426.71,2667.13,nashville,11.1,routine repair
maint00000194,trk00034,2022-03-14,tire,553583,1.5,132.8,471.14,603.94,nashville,2.8,emergency tire
maint00000195,trk00013,2022-03-14,repair,361130,4.4,509.7,67.38,577.08,atlanta,34.7,emergency repair
maint00000196,trk00054,2022-03-14,repair,535323,2.9,335.7,3448.6,3784.3,philadelphia,10.4,scheduled repair
maint00000197,trk00033,2022-03-15,preventive,722134,5.1,507.25,1717.74,2224.99,los angeles,39.7,scheduled preventive
maint00000198,trk00054,2022-03-16,tire,609533,6.0,725.85,2351.94,3077.79,nashville,14.1,emergency tire
maint00000199,trk00075,2022-03-16,brake,615473,5.2,469.19,3288.65,3757.84,new york,23.5,scheduled brake
maint00000200,trk00072,2022-03-17,inspection,301879,3.1,382.54,128.86,511.4,atlanta,31.3,scheduled inspection
maint00000201,trk00021,2022-03-18,tire,238872,5.2,598.91,3128.5,3727.41,oklahoma city,38.0,emergency tire
maint00000202,trk00023,2022-03-18,repair,378679,0.6,65.14,2619.37,2684.51,charlotte,16.8,routine repair
maint00000203,trk00062,2022-03-19,brake,441974,1.0,119.64,1977.05,2096.69,columbus,45.2,scheduled brake
maint00000204,trk00023,2022-03-19,tire,232982,2.3,277.75,2799.81,3077.56,seattle,9.7,emergency tire
maint00000205,trk00046,2022-03-20,brake,417688,0.9,104.98,1113.62,1218.6,salt lake city,38.5,scheduled brake
maint00000206,trk00010,2022-03-20,tire,704802,2.2,229.53,2554.98,2784.51,salt lake city,10.0,routine tire
maint00000207,trk00029,2022-03-21,inspection,167717,5.3,459.91,46.01,505.92,memphis,13.6,routine inspection
maint00000208,trk00031,2022-03-21,engine,720482,5.1,574.92,1016.2,1591.12,seattle,38.5,emergency engine
maint00000209,trk00118,2022-03-21,repair,79137,1.1,118.05,2322.69,2440.74,memphis,21.7,emergency repair
maint00000210,trk00034,2022-03-21,repair,496552,6.5,598.97,884.33,1483.3,indianapolis,7.5,routine repair
maint00000211,trk00091,2022-03-22,tire,505546,2.4,286.12,1825.38,2111.5,columbus,22.2,emergency tire
maint00000212,trk00120,2022-03-22,repair,114630,4.1,407.09,2820.92,3228.01,detroit,43.0,routine repair
maint00000213,trk00090,2022-03-23,repair,242942,3.5,426.22,161.3,587.52,indianapolis,6.6,routine repair
maint00000214,trk00095,2022-03-23,engine,298168,3.1,366.29,2551.91,2918.2,indianapolis,26.7,scheduled engine
maint00000215,trk00033,2022-03-23,tire,533964,4.8,598.39,1515.34,2113.73,milwaukee,35.9,emergency tire
maint00000216,trk00024,2022-03-24,transmission,115261,4.2,517.22,2137.52,2654.74,philadelphia,28.8,routine transmission
maint00000217,trk00061,2022-03-24,tire,174726,0.8,84.94,2221.78,2306.72,los angeles,30.1,emergency tire
maint00000218,trk00109,2022-03-25,brake,532660,7.0,779.65,1751.76,2531.41,detroit,27.0,scheduled brake
maint00000219,trk00099,2022-03-25,brake,117357,3.0,294.29,3491.45,3785.74,phoenix,4.2,emergency brake
maint00000220,trk00104,2022-03-25,engine,684216,7.5,691.72,136.49,828.21,columbus,13.7,routine engine
maint00000221,trk00081,2022-03-26,engine,67184,6.8,590.09,2953.97,3544.06,los angeles,37.1,scheduled engine
maint00000222,trk00017,2022-03-27,engine,410440,1.9,235.17,3054.63,3289.8,dallas,45.9,emergency engine
maint00000223,trk00012,2022-03-27,tire,179667,2.9,334.36,232.6,566.96,philadelphia,14.7,scheduled tire
maint00000224,trk00044,2022-03-28,transmission,365397,1.9,201.06,1454.39,1655.45,atlanta,38.2,routine transmission
maint00000225,trk00102,2022-03-29,inspection,542231,2.8,347.1,128.77,475.87,milwaukee,28.0,scheduled inspection
maint00000226,trk00028,2022-03-29,tire,193088,5.4,639.37,2012.52,2651.89,chicago,12.6,scheduled tire
maint00000227,trk00027,2022-03-30,brake,209543,6.6,786.73,3019.49,3806.22,nashville,28.1,scheduled brake
maint00000228,trk00118,2022-03-30,brake,530822,2.1,199.72,457.87,657.59,chicago,13.7,scheduled brake
maint00000229,trk00033,2022-03-30,engine,584606,2.0,182.51,1899.01,2081.52,houston,34.6,emergency engine
maint00000230,trk00032,2022-03-31,brake,576724,5.9,678.74,2355.7,3034.44,nashville,47.8,scheduled brake
maint00000231,trk00035,2022-03-31,transmission,713770,3.3,326.8,3106.23,3433.03,new york,14.6,scheduled transmission
maint00000232,trk00013,2022-04-01,transmission,487129,5.1,480.23,1335.33,1815.56,houston,19.0,scheduled transmission
maint00000233,trk00063,2022-04-01,inspection,673494,6.7,654.73,14.98,669.71,oklahoma city,27.2,routine inspection
maint00000234,trk00044,2022-04-01,inspection,307041,7.7,906.26,49.43,955.69,omaha,38.8,emergency inspection
maint00000235,trk00080,2022-04-01,preventive,709737,4.7,447.99,3123.89,3571.88,houston,11.9,scheduled preventive
maint00000236,trk00110,2022-04-01,engine,185672,8.0,775.0,267.05,1042.05,las vegas,36.4,emergency engine
maint00000237,trk00057,2022-04-01,brake,557365,6.3,663.96,3394.89,4058.85,charlotte,16.8,routine brake
maint00000238,trk00041,2022-04-02,preventive,715737,1.8,175.18,3174.24,3349.42,memphis,27.5,emergency preventive
maint00000239,trk00080,2022-04-02,inspection,62690,3.4,324.98,135.59,460.57,chicago,34.2,scheduled inspection
maint00000240,trk00034,2022-04-02,repair,716279,6.9,831.65,2194.02,3025.67,las vegas,37.5,routine repair
maint00000241,trk00021,2022-04-02,inspection,386177,5.5,487.33,39.15,526.48,kansas city,28.8,emergency inspection
maint00000242,trk00076,2022-04-02,preventive,449314,6.5,685.6,1074.62,1760.22,chicago,35.5,routine preventive
maint00000243,trk00034,2022-04-03,tire,447629,5.3,529.13,3166.38,3695.51,miami,30.2,scheduled tire
maint00000244,trk00001,2022-04-04,inspection,338237,2.5,286.79,4.55,291.34,phoenix,27.5,routine inspection
maint00000245,trk00004,2022-04-04,brake,725557,6.0,679.51,193.29,872.8,indianapolis,5.5,scheduled brake
maint00000246,trk00077,2022-04-04,inspection,72993,3.6,428.8,40.11,468.91,columbus,14.7,scheduled inspection
maint00000247,trk00039,2022-04-04,brake,563160,0.8,71.31,2231.99,2303.3,seattle,19.3,scheduled brake
maint00000248,trk00105,2022-04-04,inspection,628504,0.8,75.95,102.16,178.11,minneapolis,2.8,routine inspection
maint00000249,trk00018,2022-04-05,preventive,650974,6.3,605.33,979.79,1585.12,chicago,40.0,scheduled preventive
maint00000250,trk00085,2022-04-05,repair,588365,6.8,815.74,1938.95,2754.69,oklahoma city,40.9,routine repair
maint00000251,trk00018,2022-04-06,inspection,570320,3.2,275.23,122.62,397.85,detroit,2.4,scheduled inspection
maint00000252,trk00056,2022-04-06,repair,673889,0.6,71.09,3296.97,3368.06,houston,23.0,routine repair
maint00000253,trk00022,2022-04-06,engine,401627,7.7,732.12,801.44,1533.56,philadelphia,17.5,routine engine
maint00000254,trk00072,2022-04-07,tire,53804,7.0,822.85,302.43,1125.28,portland,6.8,scheduled tire
maint00000255,trk00001,2022-04-07,brake,609138,0.6,55.46,3201.35,3256.81,phoenix,44.3,routine brake
maint00000256,trk00019,2022-04-07,preventive,368143,0.7,67.63,3419.19,3486.82,charlotte,2.3,emergency preventive
maint00000257,trk00050,2022-04-07,engine,81610,2.3,276.03,2820.19,3096.22,atlanta,10.7,routine engine
maint00000258,trk00078,2022-04-07,brake,487434,4.1,394.81,1276.02,1670.83,seattle,5.6,emergency brake
maint00000259,trk00032,2022-04-08,tire,642286,2.9,296.42,263.01,559.43,dallas,17.5,emergency tire
maint00000260,trk00118,2022-04-08,tire,289782,1.5,183.84,689.09,872.93,philadelphia,16.7,emergency tire
maint00000261,trk00082,2022-04-08,engine,194156,1.4,119.84,372.0,491.84,los angeles,19.8,emergency engine
maint00000262,trk00086,2022-04-08,inspection,357768,7.2,867.11,97.32,964.43,kansas city,46.8,scheduled inspection
maint00000263,trk00073,2022-04-09,tire,368567,0.6,53.03,3197.6,3250.63,oklahoma city,28.8,routine tire
maint00000264,trk00026,2022-04-09,brake,92307,5.2,491.53,3184.84,3676.37,detroit,14.9,routine brake
maint00000265,trk00081,2022-04-09,repair,668685,1.7,166.95,706.96,873.91,chicago,47.5,routine repair
maint00000266,trk00004,2022-04-10,engine,505751,2.5,292.9,169.2,462.1,milwaukee,31.6,scheduled engine
maint00000267,trk00054,2022-04-10,brake,413476,0.6,58.25,303.57,361.82,indianapolis,40.8,routine brake
maint00000268,trk00073,2022-04-11,tire,620980,4.6,416.71,1037.33,1454.04,indianapolis,15.4,routine tire
maint00000269,trk00077,2022-04-11,engine,389597,3.3,381.66,3179.86,3561.52,chicago,37.6,emergency engine
maint00000270,trk00033,2022-04-12,engine,260823,6.8,684.35,3299.24,3983.59,oklahoma city,27.8,routine engine
maint00000271,trk00024,2022-04-12,preventive,177146,4.9,584.66,2567.63,3152.29,philadelphia,4.3,emergency preventive
maint00000272,trk00079,2022-04-12,engine,342458,5.2,589.31,2011.83,2601.14,atlanta,38.2,emergency engine
maint00000273,trk00115,2022-04-12,preventive,269659,1.0,99.47,500.69,600.16,portland,15.6,scheduled preventive
maint00000274,trk00064,2022-04-13,repair,179061,4.2,467.22,2167.38,2634.6,chicago,24.0,emergency repair
maint00000275,trk00099,2022-04-13,inspection,136591,2.5,242.78,88.3,331.08,oklahoma city,39.3,scheduled inspection
maint00000276,trk00024,2022-04-13,preventive,253239,1.6,181.75,1655.39,1837.14,kansas city,25.3,emergency preventive
maint00000277,trk00099,2022-04-14,tire,535601,6.9,849.41,2916.92,3766.33,los angeles,45.0,routine tire
maint00000278,trk00060,2022-04-14,inspection,676931,7.9,744.32,47.48,791.8,atlanta,35.5,routine inspection
maint00000279,trk00087,2022-04-14,transmission,337156,4.6,399.23,2208.92,2608.15,columbus,32.3,scheduled transmission
maint00000280,trk00085,2022-04-14,brake,716972,5.2,555.97,3242.19,3798.16,salt lake city,4.3,scheduled brake
maint00000281,trk00094,2022-04-14,transmission,731052,1.7,169.16,1294.0,1463.16,indianapolis,25.9,emergency transmission
maint00000282,trk00111,2022-04-14,preventive,277003,5.5,654.4,2951.06,3605.46,indianapolis,5.1,emergency preventive
maint00000283,trk00073,2022-04-15,tire,407407,6.0,715.01,987.35,1702.36,phoenix,46.8,emergency tire
maint00000284,trk00013,2022-04-15,repair,188890,4.3,388.19,2315.01,2703.2,denver,2.9,emergency repair
maint00000285,trk00092,2022-04-16,inspection,92386,6.0,519.31,85.77,605.08,portland,20.3,routine inspection
maint00000286,trk00113,2022-04-16,transmission,275140,4.8,443.54,2637.6,3081.14,milwaukee,32.0,scheduled transmission
maint00000287,trk00089,2022-04-16,engine,584444,5.0,549.98,2375.99,2925.97,columbus,46.4,scheduled engine
maint00000288,trk00065,2022-04-16,tire,119254,3.9,413.7,713.33,1127.03,memphis,31.0,emergency tire
maint00000289,trk00018,2022-04-16,preventive,131450,6.2,668.73,257.7,926.43,los angeles,23.4,routine preventive
maint00000290,trk00115,2022-04-17,engine,479192,3.5,385.15,340.01,725.16,salt lake city,45.9,routine engine
maint00000291,trk00042,2022-04-17,tire,701541,3.4,350.83,2166.26,2517.09,nashville,28.2,emergency tire
maint00000292,trk00042,2022-04-17,repair,483464,7.2,839.29,1911.27,2750.56,nashville,11.7,emergency repair
maint00000293,trk00099,2022-04-18,preventive,189349,4.2,367.91,703.9,1071.81,salt lake city,25.4,scheduled preventive
maint00000294,trk00012,2022-04-18,transmission,155159,2.6,293.26,1879.51,2172.77,atlanta,43.2,emergency transmission
maint00000295,trk00009,2022-04-19,engine,350561,4.5,386.85,2023.66,2410.51,kansas city,13.1,routine engine
maint00000296,trk00077,2022-04-19,repair,543405,7.2,726.7,1164.31,1891.01,new york,38.8,emergency repair
maint00000297,trk00002,2022-04-19,tire,540386,5.8,681.88,3046.14,3728.02,portland,8.0,routine tire
maint00000298,trk00038,2022-04-19,repair,537421,3.7,347.12,2133.97,2481.09,miami,8.4,scheduled repair
maint00000299,trk00097,2022-04-20,repair,512913,4.9,440.64,729.08,1169.72,los angeles,7.8,scheduled repair
maint00000300,trk00045,2022-04-20,preventive,659751,0.5,52.82,3454.5,3507.32,philadelphia,25.4,emergency preventive
maint00000301,trk00020,2022-04-20,inspection,54531,3.7,318.6,123.45,442.05,atlanta,30.9,routine inspection
maint00000302,trk00102,2022-04-20,inspection,697623,2.9,309.39,146.7,456.09,chicago,32.6,scheduled inspection
maint00000303,trk00054,2022-04-21,preventive,202227,3.5,342.22,3254.86,3597.08,salt lake city,18.5,routine preventive
maint00000304,trk00088,2022-04-22,preventive,657444,5.7,638.47,1705.56,2344.03,omaha,22.0,scheduled preventive
maint00000305,trk00120,2022-04-22,tire,574594,0.6,74.9,2537.77,2612.67,houston,40.0,routine tire
maint00000306,trk00075,2022-04-23,preventive,579357,2.4,212.65,3435.9,3648.55,atlanta,13.0,emergency preventive
maint00000307,trk00023,2022-04-23,transmission,624651,5.4,573.97,613.06,1187.03,omaha,3.1,scheduled transmission
maint00000308,trk00064,2022-04-24,engine,598548,4.2,384.31,2999.59,3383.9,houston,6.3,scheduled engine
maint00000309,trk00052,2022-04-24,engine,283473,2.0,177.92,2665.76,2843.68,nashville,39.0,emergency engine
maint00000310,trk00025,2022-04-24,tire,99529,7.1,877.67,3146.87,4024.54,oklahoma city,21.4,scheduled tire
maint00000311,trk00030,2022-04-25,tire,401407,6.0,687.77,2993.52,3681.29,oklahoma city,41.0,emergency tire
maint00000312,trk00037,2022-04-25,brake,367898,4.7,535.87,1905.17,2441.04,chicago,16.0,routine brake
maint00000313,trk00045,2022-04-25,transmission,322946,2.5,256.31,2472.59,2728.9,salt lake city,31.3,scheduled transmission
maint00000314,trk00075,2022-04-26,transmission,409806,2.3,257.23,1772.49,2029.72,las vegas,9.6,emergency transmission
maint00000315,trk00032,2022-04-26,transmission,277156,1.8,224.55,2567.41,2791.96,indianapolis,32.9,emergency transmission
maint00000316,trk00053,2022-04-26,engine,678052,2.3,210.94,695.25,906.19,oklahoma city,24.1,emergency engine
maint00000317,trk00103,2022-04-26,inspection,582398,3.0,329.47,5.36,334.83,atlanta,38.6,scheduled inspection
maint00000318,trk00064,2022-04-27,preventive,654447,5.7,704.99,1099.47,1804.46,philadelphia,46.8,emergency preventive
maint00000319,trk00048,2022-04-27,preventive,262310,0.9,91.3,3276.22,3367.52,minneapolis,36.6,scheduled preventive
maint00000320,trk00107,2022-04-27,brake,343541,7.1,826.89,945.03,1771.92,kansas city,9.3,emergency brake
maint00000321,trk00041,2022-04-27,tire,72136,3.5,367.46,2709.94,3077.4,oklahoma city,25.5,routine tire
maint00000322,trk00072,2022-04-28,transmission,664105,3.2,355.63,3463.37,3819.0,houston,45.1,emergency transmission
maint00000323,trk00087,2022-04-28,repair,376356,2.1,242.35,1716.28,1958.63,portland,30.8,routine repair
maint00000324,trk00108,2022-04-28,inspection,109884,8.0,844.59,16.26,860.85,phoenix,38.3,emergency inspection
maint00000325,trk00032,2022-04-28,engine,237377,0.8,72.82,3485.02,3557.84,new york,41.8,scheduled engine
maint00000326,trk00072,2022-04-29,repair,576120,2.3,232.12,579.03,811.15,los angeles,6.8,scheduled repair
maint00000327,trk00048,2022-04-29,inspection,459687,1.6,138.93,73.6,212.53,oklahoma city,20.0,scheduled inspection
maint00000328,trk00102,2022-04-29,engine,586858,3.2,318.17,1164.4,1482.57,portland,3.6,scheduled engine
maint00000329,trk00014,2022-04-29,inspection,94665,6.5,645.32,84.25,729.57,columbus,43.3,scheduled inspection
maint00000330,trk00046,2022-04-30,repair,730087,6.5,589.95,2517.75,3107.7,phoenix,33.3,emergency repair
maint00000331,trk00023,2022-04-30,inspection,488448,7.6,859.82,48.04,907.86,indianapolis,31.9,scheduled inspection
maint00000332,trk00069,2022-04-30,preventive,700141,7.2,654.11,230.73,884.84,los angeles,34.7,scheduled preventive
maint00000333,trk00061,2022-04-30,repair,678529,5.9,549.41,1074.21,1623.62,oklahoma city,16.5,routine repair
maint00000334,trk00047,2022-05-02,preventive,91359,6.9,671.02,2088.83,2759.85,chicago,8.0,emergency preventive
maint00000335,trk00054,2022-05-03,engine,599064,3.3,392.0,3047.84,3439.84,charlotte,17.1,routine engine
maint00000336,trk00086,2022-05-03,tire,226723,6.5,775.66,3233.35,4009.01,new york,35.0,scheduled tire
maint00000337,trk00076,2022-05-03,tire,733671,1.3,132.07,176.52,308.59,oklahoma city,23.5,scheduled tire
maint00000338,trk00089,2022-05-03,brake,644387,4.4,406.37,649.71,1056.08,omaha,42.9,emergency brake
maint00000339,trk00090,2022-05-03,inspection,347092,0.7,79.11,119.05,198.16,omaha,24.3,emergency inspection
maint00000340,trk00046,2022-05-03,repair,175948,4.6,562.42,2356.01,2918.43,kansas city,41.6,emergency repair
maint00000341,trk00016,2022-05-03,repair,578941,6.9,695.1,2203.82,2898.92,dallas,31.6,scheduled repair
maint00000342,trk00117,2022-05-04,transmission,196130,1.3,146.87,1583.97,1730.84,los angeles,21.2,routine transmission
maint00000343,trk00098,2022-05-04,preventive,152597,7.0,803.1,1684.12,2487.22,philadelphia,12.6,emergency preventive
maint00000344,trk00106,2022-05-05,preventive,662463,7.0,755.98,1298.18,2054.16,dallas,17.2,scheduled preventive
maint00000345,trk00071,2022-05-05,transmission,83949,2.1,225.93,1954.58,2180.51,memphis,10.7,emergency transmission
maint00000346,trk00077,2022-05-05,transmission,696003,4.3,444.44,892.14,1336.58,miami,35.7,scheduled transmission
maint00000347,trk00011,2022-05-05,repair,80913,4.5,551.72,547.78,1099.5,houston,4.7,emergency repair
maint00000348,trk00118,2022-05-05,transmission,473374,4.2,494.04,2898.57,3392.61,omaha,23.5,emergency transmission
maint00000349,trk00072,2022-05-05,inspection,318031,0.9,81.34,118.17,199.51,seattle,40.9,emergency inspection
maint00000350,trk00002,2022-05-06,tire,673294,2.0,248.35,3187.79,3436.14,los angeles,41.6,emergency tire
maint00000351,trk00066,2022-05-06,inspection,627584,3.5,415.87,142.55,558.42,kansas city,19.9,routine inspection
maint00000352,trk00037,2022-05-07,inspection,719673,1.9,180.65,35.77,216.42,minneapolis,41.9,routine inspection
maint00000353,trk00032,2022-05-07,repair,52383,3.4,376.75,1775.75,2152.5,minneapolis,20.3,routine repair
maint00000354,trk00016,2022-05-08,repair,192191,2.3,226.1,2482.05,2708.15,charlotte,28.9,routine repair
maint00000355,trk00052,2022-05-09,tire,134678,5.8,600.23,2969.28,3569.51,miami,25.1,routine tire
maint00000356,trk00115,2022-05-09,engine,136199,4.0,394.6,1087.29,1481.89,salt lake city,29.9,emergency engine
maint00000357,trk00033,2022-05-10,engine,486790,2.3,208.01,102.51,310.52,houston,20.4,scheduled engine
maint00000358,trk00034,2022-05-10,tire,349969,1.4,170.51,443.6,614.11,new york,19.6,routine tire
maint00000359,trk00009,2022-05-10,inspection,508816,3.0,349.18,41.34,390.52,philadelphia,32.9,scheduled inspection
maint00000360,trk00003,2022-05-10,engine,448849,2.1,200.6,2441.23,2641.83,portland,26.7,scheduled engine
maint00000361,trk00118,2022-05-10,repair,160813,6.8,620.12,304.17,924.29,las vegas,34.8,scheduled repair
maint00000362,trk00048,2022-05-11,engine,328327,6.5,657.2,3347.35,4004.55,oklahoma city,28.1,scheduled engine
maint00000363,trk00005,2022-05-11,repair,503605,7.4,689.97,639.82,1329.79,dallas,31.3,scheduled repair
maint00000364,trk00091,2022-05-12,engine,461314,6.1,701.85,619.59,1321.44,denver,6.8,emergency engine
maint00000365,trk00069,2022-05-12,transmission,699994,4.0,440.37,400.82,841.19,houston,28.5,emergency transmission
maint00000366,trk00001,2022-05-13,preventive,59181,5.4,580.05,1389.37,1969.42,columbus,43.9,routine preventive
maint00000367,trk00039,2022-05-13,repair,202554,2.8,248.16,611.9,860.06,philadelphia,32.1,emergency repair
maint00000368,trk00113,2022-05-13,engine,618553,4.4,441.92,196.07,637.99,phoenix,21.2,emergency engine
maint00000369,trk00092,2022-05-14,tire,345873,1.5,149.96,3251.49,3401.45,charlotte,16.4,routine tire
maint00000370,trk00030,2022-05-14,preventive,492481,2.5,276.74,1772.24,2048.98,houston,46.8,emergency preventive
maint00000371,trk00095,2022-05-15,tire,410212,7.2,769.68,1568.56,2338.24,memphis,11.5,emergency tire
maint00000372,trk00010,2022-05-15,tire,488359,3.5,386.78,2957.28,3344.06,miami,38.2,scheduled tire
maint00000373,trk00046,2022-05-15,engine,598796,1.6,136.32,2480.54,2616.86,salt lake city,32.5,scheduled engine
maint00000374,trk00078,2022-05-15,tire,221125,5.5,564.04,2143.38,2707.42,omaha,32.0,scheduled tire
maint00000375,trk00016,2022-05-16,transmission,512134,0.5,61.81,1564.62,1626.43,minneapolis,13.3,emergency transmission
maint00000376,trk00012,2022-05-16,preventive,680464,2.8,268.15,2979.13,3247.28,houston,39.1,routine preventive
maint00000377,trk00023,2022-05-17,preventive,197976,1.7,203.78,3444.1,3647.88,phoenix,29.9,emergency preventive
maint00000378,trk00013,2022-05-17,inspection,448636,4.1,419.01,95.31,514.32,columbus,19.6,routine inspection
maint00000379,trk00118,2022-05-18,transmission,241636,3.8,406.86,1612.56,2019.42,new york,20.4,routine transmission
maint00000380,trk00005,2022-05-18,engine,155764,3.7,366.11,2215.43,2581.54,charlotte,31.4,scheduled engine
maint00000381,trk00032,2022-05-18,engine,724306,2.0,237.53,881.97,1119.5,memphis,34.2,scheduled engine
maint00000382,trk00013,2022-05-19,inspection,514760,3.0,318.37,83.98,402.35,houston,21.3,routine inspection
maint00000383,trk00002,2022-05-20,brake,368803,2.7,274.42,3264.56,3538.98,philadelphia,18.1,routine brake
maint00000384,trk00073,2022-05-20,brake,84619,1.2,137.97,3040.05,3178.02,atlanta,15.3,scheduled brake
maint00000385,trk00113,2022-05-20,tire,138702,4.8,513.75,526.88,1040.63,new york,16.0,routine tire
maint00000386,trk00053,2022-05-20,inspection,367328,6.0,580.96,138.75,719.71,seattle,8.4,scheduled inspection
maint00000387,trk00065,2022-05-21,tire,130016,5.3,566.19,2653.69,3219.88,indianapolis,46.5,routine tire
maint00000388,trk00016,2022-05-22,preventive,432410,2.9,247.19,111.92,359.11,charlotte,35.3,routine preventive
maint00000389,trk00079,2022-05-23,preventive,578905,7.9,823.43,1383.07,2206.5,portland,22.1,emergency preventive
maint00000390,trk00003,2022-05-23,brake,623166,1.9,176.91,2946.51,3123.42,omaha,10.5,emergency brake
maint00000391,trk00070,2022-05-23,engine,97444,6.3,760.11,666.53,1426.64,philadelphia,5.0,emergency engine
maint00000392,trk00052,2022-05-23,preventive,297387,6.4,691.02,2343.87,3034.89,milwaukee,29.2,emergency preventive
maint00000393,trk00041,2022-05-24,repair,580111,5.8,513.28,2192.6,2705.88,denver,4.0,routine repair
maint00000394,trk00117,2022-05-24,tire,450456,3.7,409.33,415.03,824.36,nashville,37.2,routine tire
maint00000395,trk00090,2022-05-25,tire,362233,5.2,450.99,3089.63,3540.62,denver,8.7,routine tire
maint00000396,trk00115,2022-05-25,preventive,635410,5.4,655.85,3113.51,3769.36,salt lake city,12.9,emergency preventive
maint00000397,trk00090,2022-05-26,brake,380862,1.3,141.02,732.29,873.31,miami,22.3,routine brake
maint00000398,trk00091,2022-05-27,transmission,709429,6.1,539.54,1867.52,2407.06,philadelphia,2.7,emergency transmission
maint00000399,trk00092,2022-05-28,preventive,468547,7.3,770.75,1413.21,2183.96,houston,7.2,emergency preventive
maint00000400,trk00005,2022-05-28,engine,122491,6.3,675.02,1811.56,2486.58,new york,8.4,routine engine
maint00000401,trk00038,2022-05-28,engine,126461,4.7,412.8,2601.13,3013.93,houston,24.6,scheduled engine
maint00000402,trk00031,2022-05-28,inspection,488381,3.1,299.98,46.38,346.36,phoenix,11.2,scheduled inspection
maint00000403,trk00022,2022-05-28,repair,500859,2.2,236.06,3100.3,3336.36,memphis,38.1,routine repair
maint00000404,trk00062,2022-05-29,preventive,394261,5.1,537.52,255.55,793.07,dallas,13.0,routine preventive
maint00000405,trk00108,2022-05-29,inspection,101479,2.8,279.05,102.02,381.07,oklahoma city,13.3,emergency inspection
maint00000406,trk00048,2022-05-30,inspection,382963,3.9,368.13,89.31,457.44,minneapolis,34.9,routine inspection
maint00000407,trk00054,2022-05-30,tire,518472,0.7,70.21,1151.28,1221.49,houston,14.5,emergency tire
maint00000408,trk00002,2022-05-31,engine,411150,1.1,119.07,527.88,646.95,oklahoma city,29.8,scheduled engine
maint00000409,trk00097,2022-05-31,preventive,745885,2.9,340.91,2924.45,3265.36,atlanta,43.9,routine preventive
maint00000410,trk00048,2022-05-31,repair,395916,2.6,307.45,676.83,984.28,miami,23.0,scheduled repair
maint00000411,trk00039,2022-05-31,repair,336154,0.6,56.72,2908.2,2964.92,minneapolis,22.3,emergency repair
maint00000412,trk00095,2022-05-31,repair,77615,6.4,690.47,3055.27,3745.74,philadelphia,22.2,routine repair
maint00000413,trk00118,2022-06-01,engine,533931,2.0,171.13,1868.74,2039.87,chicago,9.1,emergency engine
maint00000414,trk00029,2022-06-01,transmission,467053,1.7,200.03,2042.54,2242.57,los angeles,12.4,scheduled transmission
maint00000415,trk00063,2022-06-01,engine,548547,7.7,948.91,758.88,1707.79,los angeles,34.3,scheduled engine
maint00000416,trk00022,2022-06-01,transmission,657090,5.3,516.41,449.75,966.16,denver,46.2,routine transmission
maint00000417,trk00103,2022-06-02,repair,355593,2.6,286.07,1945.37,2231.44,houston,30.1,emergency repair
maint00000418,trk00084,2022-06-02,engine,268297,5.3,569.55,2648.28,3217.83,dallas,23.7,scheduled engine
maint00000419,trk00082,2022-06-02,inspection,348051,3.2,342.1,144.32,486.42,seattle,39.4,scheduled inspection
maint00000420,trk00026,2022-06-03,engine,408226,1.5,186.26,1733.41,1919.67,new york,8.5,emergency engine
maint00000421,trk00052,2022-06-03,transmission,190337,1.0,113.37,1433.29,1546.66,salt lake city,15.5,emergency transmission
maint00000422,trk00009,2022-06-04,tire,695521,6.9,601.39,1501.45,2102.84,dallas,42.6,scheduled tire
maint00000423,trk00070,2022-06-04,engine,146834,4.2,443.07,596.45,1039.52,minneapolis,35.4,scheduled engine
maint00000424,trk00098,2022-06-04,repair,61783,7.3,768.62,3471.43,4240.05,salt lake city,33.0,scheduled repair
maint00000425,trk00071,2022-06-04,repair,271782,3.8,344.95,957.38,1302.33,seattle,40.2,routine repair
maint00000426,trk00041,2022-06-05,transmission,618443,5.8,505.65,2071.73,2577.38,oklahoma city,21.0,emergency transmission
maint00000427,trk00080,2022-06-05,transmission,625355,4.0,409.82,1720.51,2130.33,minneapolis,42.8,emergency transmission
maint00000428,trk00107,2022-06-05,brake,542771,6.4,662.0,2287.24,2949.24,salt lake city,39.8,emergency brake
maint00000429,trk00065,2022-06-05,engine,512463,5.1,588.46,129.81,718.27,portland,10.3,emergency engine
maint00000430,trk00070,2022-06-06,repair,238565,2.8,249.33,2915.55,3164.88,houston,28.1,routine repair
maint00000431,trk00116,2022-06-07,repair,281649,7.7,752.69,2292.67,3045.36,new york,2.7,scheduled repair
maint00000432,trk00113,2022-06-08,brake,615008,1.9,178.21,2493.57,2671.78,denver,22.2,emergency brake
maint00000433,trk00101,2022-06-08,inspection,115635,5.7,685.89,133.43,819.32,phoenix,17.6,routine inspection
maint00000434,trk00111,2022-06-09,preventive,478823,0.7,79.98,2059.13,2139.11,indianapolis,9.2,routine preventive
maint00000435,trk00072,2022-06-09,repair,405673,6.6,808.08,563.19,1371.27,las vegas,11.6,routine repair
maint00000436,trk00039,2022-06-10,tire,252250,5.1,526.34,2684.28,3210.62,dallas,38.8,scheduled tire
maint00000437,trk00003,2022-06-11,brake,390364,6.0,688.91,1828.98,2517.89,houston,38.2,scheduled brake
maint00000438,trk00104,2022-06-11,tire,361316,0.8,83.25,2639.02,2722.27,los angeles,7.5,scheduled tire
maint00000439,trk00104,2022-06-11,tire,749277,7.6,860.28,2814.14,3674.42,atlanta,15.1,scheduled tire
maint00000440,trk00006,2022-06-12,repair,432562,5.5,467.54,1611.11,2078.65,detroit,13.3,emergency repair
maint00000441,trk00019,2022-06-12,repair,696781,3.3,351.15,963.33,1314.48,houston,11.0,scheduled repair
maint00000442,trk00092,2022-06-12,inspection,404545,0.7,64.91,25.24,90.15,new york,21.9,routine inspection
maint00000443,trk00091,2022-06-12,transmission,63977,0.6,74.66,2092.44,2167.1,los angeles,13.6,routine transmission
maint00000444,trk00075,2022-06-13,transmission,58398,6.5,601.63,1603.14,2204.77,salt lake city,36.4,scheduled transmission
maint00000445,trk00013,2022-06-13,repair,447751,6.2,728.36,1053.29,1781.65,salt lake city,32.2,scheduled repair
maint00000446,trk00081,2022-06-13,repair,386994,6.9,835.92,3277.81,4113.73,indianapolis,14.0,scheduled repair
maint00000447,trk00063,2022-06-13,tire,276332,3.3,371.96,189.64,561.6,denver,11.8,scheduled tire
maint00000448,trk00019,2022-06-13,tire,83018,7.8,671.02,1366.16,2037.18,los angeles,10.3,emergency tire
maint00000449,trk00113,2022-06-13,tire,66040,0.6,66.97,823.45,890.42,miami,47.4,scheduled tire
maint00000450,trk00052,2022-06-13,brake,736530,2.6,285.47,2442.63,2728.1,milwaukee,35.8,routine brake
maint00000451,trk00053,2022-06-14,repair,228708,3.9,398.73,1012.51,1411.24,chicago,47.9,emergency repair
maint00000452,trk00067,2022-06-14,brake,128776,6.7,783.3,1994.42,2777.72,indianapolis,47.0,scheduled brake
maint00000453,trk00119,2022-06-14,preventive,185577,5.2,495.3,1638.98,2134.28,omaha,26.8,routine preventive
maint00000454,trk00066,2022-06-15,engine,624941,6.9,718.03,991.63,1709.66,phoenix,27.8,emergency engine
maint00000455,trk00108,2022-06-15,tire,149791,2.1,229.96,139.55,369.51,indianapolis,3.5,scheduled tire
maint00000456,trk00048,2022-06-15,inspection,70790,4.7,454.2,3.62,457.82,atlanta,39.2,emergency inspection
maint00000457,trk00069,2022-06-16,engine,667084,4.4,480.51,3031.01,3511.52,milwaukee,18.3,routine engine
maint00000458,trk00111,2022-06-16,repair,493254,4.3,423.82,1633.05,2056.87,omaha,14.6,scheduled repair
maint00000459,trk00038,2022-06-16,brake,408530,0.9,110.07,2751.01,2861.08,kansas city,9.9,scheduled brake
maint00000460,trk00032,2022-06-17,tire,363649,5.3,502.54,1874.01,2376.55,indianapolis,21.1,emergency tire
maint00000461,trk00088,2022-06-17,tire,419882,2.4,238.09,3154.05,3392.14,atlanta,14.5,emergency tire
maint00000462,trk00112,2022-06-17,brake,660883,1.2,112.62,468.17,580.79,new york,32.6,routine brake
maint00000463,trk00118,2022-06-18,preventive,130136,3.6,356.3,1910.39,2266.69,seattle,28.7,emergency preventive
maint00000464,trk00042,2022-06-18,tire,401396,4.1,363.87,3386.35,3750.22,nashville,2.1,routine tire
maint00000465,trk00043,2022-06-18,tire,197078,3.9,377.79,3104.05,3481.84,nashville,8.0,scheduled tire
maint00000466,trk00099,2022-06-21,repair,359740,4.0,499.83,356.8,856.63,omaha,11.9,routine repair
maint00000467,trk00011,2022-06-21,engine,170071,5.8,640.87,3216.7,3857.57,portland,23.5,routine engine
maint00000468,trk00025,2022-06-21,preventive,519968,5.6,652.71,1565.47,2218.18,milwaukee,12.9,emergency preventive
maint00000469,trk00018,2022-06-22,repair,466629,1.8,195.71,1640.28,1835.99,memphis,11.2,emergency repair
maint00000470,trk00106,2022-06-22,tire,244439,1.5,157.75,2622.56,2780.31,las vegas,11.8,emergency tire
maint00000471,trk00105,2022-06-23,preventive,666680,5.1,624.61,1124.63,1749.24,atlanta,15.8,routine preventive
maint00000472,trk00099,2022-06-23,inspection,552063,3.9,375.87,71.95,447.82,nashville,16.3,routine inspection
maint00000473,trk00103,2022-06-24,inspection,217307,3.2,391.33,48.81,440.14,oklahoma city,13.4,routine inspection
maint00000474,trk00071,2022-06-24,preventive,539834,5.6,632.31,1044.78,1677.09,miami,24.9,routine preventive
maint00000475,trk00033,2022-06-24,repair,610198,5.5,581.82,2557.55,3139.37,philadelphia,9.8,scheduled repair
maint00000476,trk00097,2022-06-24,engine,339183,1.1,131.76,436.58,568.34,charlotte,25.4,scheduled engine
maint00000477,trk00015,2022-06-24,brake,726210,2.4,286.56,1366.2,1652.76,atlanta,20.4,emergency brake
maint00000478,trk00012,2022-06-25,engine,352046,2.2,188.11,462.89,651.0,chicago,3.4,emergency engine
maint00000479,trk00098,2022-06-26,brake,527084,2.1,253.34,1396.4,1649.74,seattle,39.0,emergency brake
maint00000480,trk00027,2022-06-27,transmission,55750,4.1,494.2,2466.39,2960.59,atlanta,47.0,scheduled transmission
maint00000481,trk00086,2022-06-27,preventive,340094,3.4,298.63,2906.33,3204.96,detroit,4.9,routine preventive
maint00000482,trk00028,2022-06-28,tire,505134,2.8,329.81,3385.06,3714.87,las vegas,7.7,emergency tire
maint00000483,trk00100,2022-06-29,tire,223236,2.9,337.07,2334.27,2671.34,phoenix,41.3,emergency tire
maint00000484,trk00032,2022-06-29,repair,678677,8.0,954.4,1848.48,2802.88,houston,16.0,scheduled repair
maint00000485,trk00096,2022-06-29,preventive,144790,7.8,678.66,3264.74,3943.4,denver,14.9,emergency preventive
maint00000486,trk00102,2022-06-30,tire,228293,5.8,573.5,258.19,831.69,memphis,2.5,emergency tire
maint00000487,trk00003,2022-06-30,inspection,208709,3.2,287.5,106.96,394.46,nashville,42.0,routine inspection
maint00000488,trk00058,2022-06-30,engine,444844,5.2,574.63,2199.83,2774.46,charlotte,36.4,emergency engine
maint00000489,trk00066,2022-07-01,tire,439931,6.0,629.43,357.55,986.98,dallas,35.3,routine tire
maint00000490,trk00073,2022-07-01,engine,190579,3.2,296.69,574.33,871.02,minneapolis,46.2,scheduled engine
maint00000491,trk00066,2022-07-01,repair,744174,7.3,724.25,3287.72,4011.97,seattle,46.5,emergency repair
maint00000492,trk00049,2022-07-03,engine,417768,6.7,834.87,1286.91,2121.78,portland,19.9,scheduled engine
maint00000493,trk00093,2022-07-03,engine,229701,3.2,385.82,1228.95,1614.77,seattle,31.3,scheduled engine
maint00000494,trk00012,2022-07-04,preventive,265671,5.0,493.7,928.28,1421.98,kansas city,41.6,routine preventive
maint00000495,trk00063,2022-07-04,inspection,748230,4.5,556.51,63.79,620.3,las vegas,39.0,routine inspection
maint00000496,trk00078,2022-07-04,transmission,420576,5.1,456.23,1042.93,1499.16,phoenix,16.8,routine transmission
maint00000497,trk00034,2022-07-05,repair,86099,5.2,460.04,906.43,1366.47,memphis,31.9,routine repair
maint00000498,trk00115,2022-07-05,repair,535331,4.5,471.7,605.98,1077.68,las vegas,5.0,scheduled repair
maint00000499,trk00077,2022-07-05,tire,189108,7.1,750.44,2290.09,3040.53,columbus,38.6,routine tire
maint00000500,trk00109,2022-07-07,engine,296523,0.5,55.91,655.91,711.82,dallas,8.9,emergency engine
maint00000501,trk00038,2022-07-07,engine,250227,7.4,888.91,2416.08,3304.99,new york,27.5,emergency engine
maint00000502,trk00013,2022-07-08,tire,454676,1.1,119.08,507.18,626.26,las vegas,16.9,scheduled tire
maint00000503,trk00065,2022-07-08,tire,471272,5.7,622.93,3232.92,3855.85,oklahoma city,10.6,routine tire
maint00000504,trk00097,2022-07-08,transmission,113976,5.4,506.36,1544.08,2050.44,memphis,47.6,scheduled transmission
maint00000505,trk00018,2022-07-09,engine,153857,7.0,783.13,3000.19,3783.32,portland,35.4,emergency engine
maint00000506,trk00112,2022-07-09,transmission,281634,3.0,314.87,3085.36,3400.23,milwaukee,22.2,routine transmission
maint00000507,trk00099,2022-07-09,preventive,119508,1.0,115.06,2382.47,2497.53,chicago,46.4,emergency preventive
maint00000508,trk00020,2022-07-09,inspection,327621,2.4,231.32,76.28,307.6,dallas,15.4,scheduled inspection
maint00000509,trk00102,2022-07-09,inspection,461728,6.9,794.35,18.53,812.88,los angeles,8.3,scheduled inspection
maint00000510,trk00061,2022-07-09,tire,699802,0.6,72.18,1442.18,1514.36,atlanta,6.8,routine tire
maint00000511,trk00063,2022-07-11,repair,296328,2.9,318.71,736.57,1055.28,indianapolis,30.4,routine repair
maint00000512,trk00028,2022-07-12,repair,495701,3.0,321.28,1730.9,2052.18,new york,25.5,scheduled repair
maint00000513,trk00096,2022-07-12,brake,730556,6.9,690.04,2296.92,2986.96,los angeles,9.0,emergency brake
maint00000514,trk00033,2022-07-12,preventive,707742,2.5,240.3,789.23,1029.53,new york,41.3,routine preventive
maint00000515,trk00085,2022-07-13,tire,380180,3.8,362.24,279.61,641.85,oklahoma city,37.0,scheduled tire
maint00000516,trk00008,2022-07-13,engine,563820,5.3,637.45,1954.19,2591.64,chicago,25.1,routine engine
maint00000517,trk00031,2022-07-13,brake,231179,7.8,688.45,2723.64,3412.09,kansas city,30.9,emergency brake
maint00000518,trk00082,2022-07-14,tire,270513,6.0,706.37,426.72,1133.09,nashville,42.1,emergency tire
maint00000519,trk00120,2022-07-14,preventive,461126,1.3,161.23,1484.69,1645.92,miami,3.8,routine preventive
maint00000520,trk00003,2022-07-15,inspection,180450,0.6,53.97,6.85,60.82,atlanta,43.7,scheduled inspection
maint00000521,trk00003,2022-07-15,tire,207477,1.1,100.5,2179.86,2280.36,detroit,4.3,emergency tire
maint00000522,trk00004,2022-07-15,preventive,475590,1.1,130.59,441.73,572.32,minneapolis,21.9,routine preventive
maint00000523,trk00027,2022-07-15,engine,213219,2.6,312.3,289.62,601.92,salt lake city,19.3,scheduled engine
maint00000524,trk00068,2022-07-15,brake,382479,5.3,581.52,713.67,1295.19,denver,30.5,scheduled brake
maint00000525,trk00021,2022-07-16,repair,197806,3.9,472.22,1893.39,2365.61,houston,36.2,emergency repair
maint00000526,trk00031,2022-07-16,tire,556596,7.1,839.29,1455.41,2294.7,seattle,28.4,scheduled tire
maint00000527,trk00007,2022-07-16,inspection,565949,7.1,774.79,90.29,865.08,charlotte,17.6,routine inspection
maint00000528,trk00116,2022-07-17,repair,748333,3.7,438.86,3079.82,3518.68,dallas,18.4,routine repair
maint00000529,trk00102,2022-07-17,engine,158787,1.8,224.37,1273.67,1498.04,atlanta,43.1,emergency engine
maint00000530,trk00006,2022-07-17,engine,63955,7.9,927.56,474.45,1402.01,nashville,35.5,scheduled engine
maint00000531,trk00051,2022-07-17,inspection,524589,7.0,866.12,31.2,897.32,atlanta,31.1,scheduled inspection
maint00000532,trk00055,2022-07-18,inspection,314360,1.4,126.12,121.75,247.87,seattle,24.0,emergency inspection
maint00000533,trk00048,2022-07-18,engine,174566,4.1,356.33,550.72,907.05,denver,34.1,scheduled engine
maint00000534,trk00044,2022-07-18,tire,457132,5.7,665.42,424.09,1089.51,chicago,47.7,emergency tire
maint00000535,trk00072,2022-07-19,brake,685739,7.1,721.98,2628.49,3350.47,omaha,44.6,emergency brake
maint00000536,trk00093,2022-07-20,transmission,594899,1.0,104.89,720.77,825.66,columbus,12.0,emergency transmission
maint00000537,trk00053,2022-07-21,inspection,142256,1.4,163.77,14.82,178.59,minneapolis,15.5,scheduled inspection
maint00000538,trk00063,2022-07-21,tire,227966,4.1,483.96,2160.97,2644.93,atlanta,41.9,routine tire
maint00000539,trk00078,2022-07-21,inspection,273473,6.5,711.28,24.7,735.98,omaha,3.2,emergency inspection
maint00000540,trk00118,2022-07-22,transmission,287740,4.3,505.6,1002.34,1507.94,minneapolis,27.9,routine transmission
maint00000541,trk00093,2022-07-22,preventive,559401,7.7,749.39,1541.41,2290.8,los angeles,13.7,scheduled preventive
maint00000542,trk00115,2022-07-22,transmission,103846,4.1,404.93,1803.67,2208.6,charlotte,39.7,emergency transmission
maint00000543,trk00042,2022-07-23,tire,381124,3.1,380.61,3401.1,3781.71,portland,3.4,scheduled tire
maint00000544,trk00078,2022-07-23,engine,292485,5.0,452.94,2631.44,3084.38,miami,37.5,scheduled engine
maint00000545,trk00021,2022-07-23,inspection,115201,0.7,73.17,140.66,213.83,new york,6.0,scheduled inspection
maint00000546,trk00094,2022-07-24,preventive,645820,2.8,334.83,238.3,573.13,las vegas,32.1,emergency preventive
maint00000547,trk00005,2022-07-24,repair,463545,5.8,720.68,323.78,1044.46,seattle,13.4,routine repair
maint00000548,trk00072,2022-07-24,inspection,210555,4.8,545.41,11.43,556.84,salt lake city,21.7,scheduled inspection
maint00000549,trk00008,2022-07-24,inspection,375106,5.8,574.29,143.42,717.71,salt lake city,10.4,scheduled inspection
maint00000550,trk00002,2022-07-24,brake,464378,1.2,127.68,1873.19,2000.87,houston,13.7,routine brake
maint00000551,trk00031,2022-07-25,brake,466976,6.1,528.84,1634.86,2163.7,nashville,21.8,emergency brake
maint00000552,trk00105,2022-07-25,inspection,576550,0.5,45.09,53.34,98.43,new york,7.4,routine inspection
maint00000553,trk00031,2022-07-25,engine,500573,6.0,562.13,1982.04,2544.17,charlotte,24.3,emergency engine
maint00000554,trk00063,2022-07-26,tire,199075,6.3,658.6,1262.62,1921.22,las vegas,40.9,routine tire
maint00000555,trk00024,2022-07-27,inspection,172144,5.5,480.69,86.79,567.48,chicago,26.4,emergency inspection
maint00000556,trk00018,2022-07-27,brake,609434,1.4,131.41,1046.08,1177.49,atlanta,4.4,routine brake
maint00000557,trk00062,2022-07-27,transmission,523329,1.1,131.1,1870.18,2001.28,nashville,39.5,scheduled transmission
maint00000558,trk00013,2022-07-27,brake,589017,0.8,94.79,1536.79,1631.58,oklahoma city,4.5,scheduled brake
maint00000559,trk00099,2022-07-27,preventive,267709,5.0,608.43,1902.7,2511.13,denver,33.4,scheduled preventive
maint00000560,trk00073,2022-07-27,repair,85454,3.0,283.79,908.56,1192.35,minneapolis,15.8,emergency repair
maint00000561,trk00003,2022-07-28,brake,117032,4.6,512.71,2046.76,2559.47,portland,17.2,routine brake
maint00000562,trk00094,2022-07-29,brake,244297,6.4,605.44,716.35,1321.79,los angeles,32.1,emergency brake
maint00000563,trk00050,2022-07-29,repair,211215,4.8,433.91,3164.57,3598.48,indianapolis,25.9,emergency repair
maint00000564,trk00062,2022-07-29,transmission,154980,2.8,340.44,157.42,497.86,phoenix,5.2,routine transmission
maint00000565,trk00103,2022-07-29,tire,265616,5.3,456.7,2711.41,3168.11,oklahoma city,32.4,routine tire
maint00000566,trk00046,2022-07-29,brake,339445,8.0,871.04,520.12,1391.16,phoenix,46.8,routine brake
maint00000567,trk00088,2022-07-30,inspection,526085,7.2,648.95,90.46,739.41,nashville,40.5,emergency inspection
maint00000568,trk00050,2022-07-30,engine,615360,3.1,270.32,1397.16,1667.48,dallas,13.1,emergency engine
maint00000569,trk00087,2022-07-30,tire,239265,4.1,352.26,1339.86,1692.12,oklahoma city,8.3,scheduled tire
maint00000570,trk00098,2022-07-30,tire,259751,6.4,598.17,1920.66,2518.83,phoenix,7.2,routine tire
maint00000571,trk00060,2022-07-30,inspection,344913,5.5,591.18,128.78,719.96,portland,21.8,routine inspection
maint00000572,trk00073,2022-07-30,preventive,630086,4.5,532.16,1244.85,1777.01,indianapolis,36.3,emergency preventive
maint00000573,trk00022,2022-07-30,inspection,464085,7.0,625.09,52.54,677.63,detroit,12.5,scheduled inspection
maint00000574,trk00020,2022-07-31,preventive,622741,7.7,778.34,3085.62,3863.96,memphis,45.1,scheduled preventive
maint00000575,trk00012,2022-07-31,preventive,468536,1.6,179.81,1077.55,1257.36,dallas,2.3,routine preventive
maint00000576,trk00102,2022-07-31,engine,133838,7.2,890.66,119.05,1009.71,portland,31.4,emergency engine
maint00000577,trk00013,2022-07-31,tire,110657,4.0,357.36,665.56,1022.92,omaha,47.4,scheduled tire
maint00000578,trk00025,2022-08-01,transmission,109627,6.9,686.3,1759.78,2446.08,phoenix,40.3,scheduled transmission
maint00000579,trk00072,2022-08-01,transmission,273021,2.1,208.86,2079.99,2288.85,atlanta,14.4,scheduled transmission
maint00000580,trk00041,2022-08-02,brake,74346,1.8,173.43,2670.27,2843.7,miami,12.6,scheduled brake
maint00000581,trk00081,2022-08-02,preventive,84896,6.6,797.63,2489.24,3286.87,philadelphia,17.0,emergency preventive
maint00000582,trk00042,2022-08-02,tire,397596,0.8,92.68,2852.08,2944.76,phoenix,32.2,scheduled tire
maint00000583,trk00032,2022-08-03,brake,426458,6.0,569.0,3078.92,3647.92,memphis,24.1,scheduled brake
maint00000584,trk00011,2022-08-03,repair,409306,4.6,411.93,2506.74,2918.67,los angeles,41.5,emergency repair
maint00000585,trk00071,2022-08-04,repair,716295,4.1,372.9,271.51,644.41,los angeles,32.5,scheduled repair
maint00000586,trk00033,2022-08-05,inspection,474010,6.8,634.05,31.95,666.0,philadelphia,34.5,emergency inspection
maint00000587,trk00080,2022-08-06,transmission,364939,1.2,137.03,1903.19,2040.22,charlotte,36.8,emergency transmission
maint00000588,trk00010,2022-08-06,inspection,66787,2.3,283.38,125.26,408.64,milwaukee,23.1,routine inspection
maint00000589,trk00036,2022-08-06,brake,485477,7.5,777.06,3376.55,4153.61,atlanta,6.5,routine brake
maint00000590,trk00102,2022-08-07,transmission,80085,5.5,605.1,930.51,1535.61,miami,20.2,routine transmission
maint00000591,trk00082,2022-08-07,tire,199545,7.7,718.34,803.6,1521.94,indianapolis,35.0,emergency tire
maint00000592,trk00106,2022-08-08,inspection,96009,6.5,731.92,121.94,853.86,indianapolis,35.6,emergency inspection
maint00000593,trk00030,2022-08-08,tire,183667,5.1,442.57,390.58,833.15,dallas,6.1,routine tire
maint00000594,trk00063,2022-08-08,engine,523587,5.5,518.91,1264.19,1783.1,minneapolis,18.6,emergency engine
maint00000595,trk00118,2022-08-09,transmission,619166,2.8,276.3,270.97,547.27,new york,42.4,routine transmission
maint00000596,trk00036,2022-08-09,repair,239011,4.7,576.34,2154.17,2730.51,philadelphia,11.9,emergency repair
maint00000597,trk00118,2022-08-11,brake,324641,7.4,768.18,1710.08,2478.26,las vegas,29.8,scheduled brake
maint00000598,trk00050,2022-08-11,preventive,448868,4.8,466.66,3360.79,3827.45,los angeles,16.6,scheduled preventive
maint00000599,trk00061,2022-08-11,engine,360929,5.6,652.33,204.0,856.33,denver,29.7,routine engine
maint00000600,trk00052,2022-08-11,tire,537323,1.4,121.35,1305.47,1426.82,seattle,35.1,emergency tire
maint00000601,trk00014,2022-08-11,inspection,175800,7.1,729.0,90.78,819.78,milwaukee,24.8,emergency inspection
maint00000602,trk00103,2022-08-11,transmission,388662,7.3,757.83,2721.24,3479.07,dallas,8.0,routine transmission
maint00000603,trk00060,2022-08-12,transmission,606081,4.8,575.16,2220.94,2796.1,houston,38.9,emergency transmission
maint00000604,trk00058,2022-08-12,engine,739729,5.2,488.08,2605.56,3093.64,portland,2.7,routine engine
maint00000605,trk00111,2022-08-12,inspection,311378,2.2,250.07,108.83,358.9,portland,29.3,scheduled inspection
maint00000606,trk00051,2022-08-13,transmission,700491,5.3,600.15,812.94,1413.09,oklahoma city,9.6,emergency transmission
maint00000607,trk00117,2022-08-13,inspection,298544,1.7,148.83,139.14,287.97,miami,25.5,scheduled inspection
maint00000608,trk00001,2022-08-13,inspection,438267,2.9,359.5,23.07,382.57,seattle,20.4,emergency inspection
maint00000609,trk00003,2022-08-14,engine,323903,5.7,630.28,158.59,788.87,oklahoma city,46.1,scheduled engine
maint00000610,trk00085,2022-08-14,inspection,155557,2.3,264.63,129.07,393.7,denver,18.1,emergency inspection
maint00000611,trk00057,2022-08-15,tire,173156,7.2,679.77,3203.99,3883.76,memphis,20.2,scheduled tire
maint00000612,trk00052,2022-08-15,transmission,149690,1.7,184.26,550.98,735.24,miami,25.6,scheduled transmission
maint00000613,trk00069,2022-08-15,inspection,484756,0.6,51.83,116.65,168.48,oklahoma city,20.3,routine inspection
maint00000614,trk00025,2022-08-15,transmission,439346,1.9,217.2,235.65,452.85,phoenix,23.6,emergency transmission
maint00000615,trk00037,2022-08-15,engine,205174,5.5,479.39,1400.57,1879.96,new york,7.2,emergency engine
maint00000616,trk00107,2022-08-16,tire,497062,7.1,704.6,251.2,955.8,miami,40.1,scheduled tire
maint00000617,trk00100,2022-08-16,transmission,292230,3.4,299.3,2915.3,3214.6,seattle,21.4,scheduled transmission
maint00000618,trk00044,2022-08-16,repair,328516,4.2,459.43,1218.2,1677.63,los angeles,13.9,scheduled repair
maint00000619,trk00051,2022-08-17,brake,270651,6.6,642.35,2353.21,2995.56,detroit,20.4,emergency brake
maint00000620,trk00014,2022-08-17,tire,607310,3.9,339.35,2046.59,2385.94,denver,24.8,scheduled tire
maint00000621,trk00088,2022-08-17,repair,281595,3.6,319.63,1678.94,1998.57,minneapolis,4.9,routine repair
maint00000622,trk00011,2022-08-18,repair,165421,5.3,526.79,2666.26,3193.05,las vegas,45.1,routine repair
maint00000623,trk00028,2022-08-18,repair,409871,2.3,275.68,3197.36,3473.04,portland,18.0,scheduled repair
maint00000624,trk00034,2022-08-18,transmission,403169,5.4,466.58,443.59,910.17,milwaukee,32.1,scheduled transmission
maint00000625,trk00046,2022-08-18,engine,60290,3.8,348.04,3041.1,3389.14,atlanta,22.2,scheduled engine
maint00000626,trk00054,2022-08-19,preventive,368146,5.8,594.23,2018.86,2613.09,chicago,13.3,emergency preventive
maint00000627,trk00042,2022-08-19,transmission,125272,7.2,690.5,1528.35,2218.85,seattle,34.4,emergency transmission
maint00000628,trk00110,2022-08-20,preventive,270295,7.7,855.86,1825.09,2680.95,seattle,18.1,emergency preventive
maint00000629,trk00026,2022-08-20,transmission,591164,2.8,263.91,1106.91,1370.82,oklahoma city,18.4,routine transmission
maint00000630,trk00081,2022-08-21,repair,483023,0.6,51.82,2983.67,3035.49,philadelphia,8.7,emergency repair
maint00000631,trk00022,2022-08-22,inspection,473551,5.9,716.32,43.94,760.26,charlotte,9.8,emergency inspection
maint00000632,trk00098,2022-08-22,tire,231293,2.3,216.13,1565.74,1781.87,miami,41.1,routine tire
maint00000633,trk00004,2022-08-22,transmission,80132,1.0,87.94,2336.14,2424.08,los angeles,14.9,routine transmission
maint00000634,trk00084,2022-08-23,repair,587747,7.2,763.22,894.95,1658.17,charlotte,17.8,scheduled repair
maint00000635,trk00034,2022-08-23,preventive,584160,4.0,390.46,229.31,619.77,charlotte,6.1,scheduled preventive
maint00000636,trk00115,2022-08-24,tire,574475,2.5,299.06,1799.51,2098.57,columbus,12.1,emergency tire
maint00000637,trk00079,2022-08-24,inspection,153709,6.9,733.25,128.33,861.58,los angeles,10.5,emergency inspection
maint00000638,trk00104,2022-08-25,repair,585352,1.0,95.32,3419.52,3514.84,phoenix,15.9,scheduled repair
maint00000639,trk00116,2022-08-25,repair,412611,7.2,857.28,3174.73,4032.01,los angeles,13.4,routine repair
maint00000640,trk00068,2022-08-25,transmission,566000,2.8,257.29,2328.63,2585.92,seattle,40.5,routine transmission
maint00000641,trk00013,2022-08-26,repair,562576,5.6,687.27,2779.96,3467.23,oklahoma city,19.0,emergency repair
maint00000642,trk00082,2022-08-26,repair,107797,0.8,74.59,1465.54,1540.13,philadelphia,8.8,emergency repair
maint00000643,trk00015,2022-08-26,engine,694350,5.3,480.69,1579.15,2059.84,atlanta,43.3,scheduled engine
maint00000644,trk00103,2022-08-26,engine,692260,1.0,115.24,758.58,873.82,houston,25.7,scheduled engine
maint00000645,trk00044,2022-08-26,transmission,57340,4.0,398.22,1003.71,1401.93,houston,2.1,routine transmission
maint00000646,trk00003,2022-08-27,preventive,633918,5.3,590.62,2789.58,3380.2,denver,9.8,emergency preventive
maint00000647,trk00052,2022-08-27,tire,730785,5.9,663.3,3385.45,4048.75,charlotte,35.3,emergency tire
maint00000648,trk00004,2022-08-27,preventive,495769,6.5,727.79,3383.78,4111.57,indianapolis,10.6,routine preventive
maint00000649,trk00051,2022-08-28,repair,323104,1.4,174.5,1651.75,1826.25,houston,5.7,emergency repair
maint00000650,trk00045,2022-08-28,repair,622761,1.1,114.43,2635.78,2750.21,portland,4.3,scheduled repair
maint00000651,trk00036,2022-08-28,inspection,702293,3.7,347.51,44.69,392.2,charlotte,4.0,emergency inspection
maint00000652,trk00103,2022-08-28,tire,94574,4.5,423.0,3404.49,3827.49,salt lake city,33.4,emergency tire
maint00000653,trk00044,2022-08-28,tire,721509,1.4,150.89,1872.65,2023.54,salt lake city,30.4,emergency tire
maint00000654,trk00062,2022-08-29,repair,541314,3.9,426.02,2980.07,3406.09,dallas,25.9,emergency repair
maint00000655,trk00111,2022-08-29,preventive,58560,7.4,749.27,1206.71,1955.98,kansas city,24.7,scheduled preventive
maint00000656,trk00037,2022-08-30,inspection,666008,3.6,440.21,37.61,477.82,seattle,44.4,emergency inspection
maint00000657,trk00068,2022-08-31,preventive,445348,7.9,920.07,2284.47,3204.54,las vegas,34.6,scheduled preventive
maint00000658,trk00055,2022-09-01,preventive,322101,1.3,133.77,746.05,879.82,las vegas,21.1,routine preventive
maint00000659,trk00037,2022-09-01,brake,385548,3.3,353.08,3386.7,3739.78,seattle,46.9,emergency brake
maint00000660,trk00118,2022-09-01,tire,185552,6.9,662.67,2739.63,3402.3,columbus,34.5,scheduled tire
maint00000661,trk00067,2022-09-02,inspection,215232,5.5,600.28,106.65,706.93,miami,27.7,emergency inspection
maint00000662,trk00065,2022-09-02,tire,684936,5.2,491.92,1735.93,2227.85,los angeles,6.0,routine tire
maint00000663,trk00046,2022-09-02,transmission,708157,5.3,459.57,1813.21,2272.78,dallas,37.2,scheduled transmission
maint00000664,trk00020,2022-09-03,engine,635993,4.0,373.41,1404.59,1778.0,atlanta,18.1,routine engine
maint00000665,trk00061,2022-09-03,transmission,744796,3.2,350.5,71.86,422.36,nashville,15.8,emergency transmission
maint00000666,trk00020,2022-09-03,transmission,108086,1.2,133.43,2626.38,2759.81,philadelphia,24.2,routine transmission
maint00000667,trk00111,2022-09-03,repair,432560,6.5,807.61,307.23,1114.84,las vegas,26.5,routine repair
maint00000668,trk00064,2022-09-04,preventive,610764,4.2,385.46,1195.1,1580.56,phoenix,29.9,scheduled preventive
maint00000669,trk00115,2022-09-05,tire,169051,4.2,380.2,322.14,702.34,minneapolis,36.9,scheduled tire
maint00000670,trk00009,2022-09-06,brake,372373,0.5,53.12,729.43,782.55,portland,44.7,emergency brake
maint00000671,trk00004,2022-09-06,tire,615304,0.8,69.55,2410.96,2480.51,memphis,27.5,emergency tire
maint00000672,trk00092,2022-09-06,inspection,392598,7.7,831.51,133.4,964.91,denver,17.7,scheduled inspection
maint00000673,trk00019,2022-09-07,inspection,297463,6.9,831.81,12.0,843.81,dallas,46.1,scheduled inspection
maint00000674,trk00105,2022-09-07,repair,280375,0.8,72.86,1985.19,2058.05,detroit,43.2,scheduled repair
maint00000675,trk00072,2022-09-07,inspection,693882,1.8,180.97,76.45,257.42,atlanta,42.2,scheduled inspection
maint00000676,trk00015,2022-09-07,transmission,280401,6.5,694.17,2821.04,3515.21,dallas,33.5,scheduled transmission
maint00000677,trk00042,2022-09-07,engine,658735,4.6,456.23,1490.07,1946.3,salt lake city,17.3,scheduled engine
maint00000678,trk00051,2022-09-08,preventive,623687,1.3,127.06,1984.96,2112.02,charlotte,38.9,routine preventive
maint00000679,trk00097,2022-09-08,engine,291239,5.4,673.39,3087.15,3760.54,columbus,18.3,routine engine
maint00000680,trk00082,2022-09-08,preventive,582134,2.3,202.14,466.25,668.39,memphis,28.4,emergency preventive
maint00000681,trk00113,2022-09-08,transmission,344216,4.4,393.83,652.91,1046.74,los angeles,32.1,emergency transmission
maint00000682,trk00088,2022-09-08,transmission,652481,0.6,59.58,3104.93,3164.51,salt lake city,46.6,routine transmission
maint00000683,trk00070,2022-09-09,preventive,179840,3.9,347.98,1190.45,1538.43,denver,5.1,routine preventive
maint00000684,trk00006,2022-09-09,tire,94280,2.6,287.89,1469.47,1757.36,las vegas,15.4,routine tire
maint00000685,trk00022,2022-09-09,repair,276670,7.9,973.35,2118.06,3091.41,kansas city,10.3,routine repair
maint00000686,trk00050,2022-09-10,transmission,512620,0.9,88.81,3174.82,3263.63,houston,11.3,scheduled transmission
maint00000687,trk00106,2022-09-10,brake,51212,4.4,441.63,612.17,1053.8,columbus,32.0,scheduled brake
maint00000688,trk00038,2022-09-10,repair,598416,6.9,717.84,1653.26,2371.1,columbus,43.1,emergency repair
maint00000689,trk00120,2022-09-10,transmission,465841,2.6,243.71,312.09,555.8,new york,33.7,scheduled transmission
maint00000690,trk00080,2022-09-11,tire,53680,5.2,568.96,2940.78,3509.74,columbus,39.6,routine tire
maint00000691,trk00074,2022-09-11,transmission,372102,1.0,100.15,727.59,827.74,houston,38.5,emergency transmission
maint00000692,trk00075,2022-09-12,tire,229431,7.8,803.01,2546.82,3349.83,oklahoma city,36.3,scheduled tire
maint00000693,trk00073,2022-09-12,transmission,190122,2.3,228.13,1335.07,1563.2,chicago,22.5,routine transmission
maint00000694,trk00101,2022-09-12,tire,286471,1.4,135.28,3053.55,3188.83,phoenix,35.1,emergency tire
maint00000695,trk00092,2022-09-12,brake,322407,5.8,601.41,972.12,1573.53,kansas city,4.5,routine brake
maint00000696,trk00049,2022-09-13,tire,253824,5.4,633.45,1733.25,2366.7,las vegas,26.6,emergency tire
maint00000697,trk00066,2022-09-13,brake,484474,6.5,771.98,477.08,1249.06,seattle,48.0,emergency brake
maint00000698,trk00024,2022-09-13,tire,71704,4.2,402.08,599.39,1001.47,memphis,34.4,emergency tire
maint00000699,trk00050,2022-09-13,engine,419521,5.1,565.68,263.77,829.45,seattle,38.7,emergency engine
maint00000700,trk00020,2022-09-13,engine,644511,6.0,679.71,2882.62,3562.33,charlotte,3.6,routine engine
maint00000701,trk00063,2022-09-13,transmission,384700,2.6,307.85,1323.96,1631.81,columbus,3.3,emergency transmission
maint00000702,trk00001,2022-09-13,brake,411531,6.3,651.23,2721.18,3372.41,seattle,46.5,emergency brake
maint00000703,trk00099,2022-09-14,brake,514690,2.9,247.45,3362.34,3609.79,las vegas,3.9,scheduled brake
maint00000704,trk00041,2022-09-14,transmission,331992,4.0,463.4,2745.15,3208.55,chicago,13.7,scheduled transmission
maint00000705,trk00060,2022-09-14,tire,58051,0.8,88.13,229.66,317.79,kansas city,29.0,emergency tire
maint00000706,trk00036,2022-09-14,inspection,406717,2.2,201.21,93.65,294.86,new york,34.1,scheduled inspection
maint00000707,trk00024,2022-09-14,engine,447765,2.7,238.55,1525.23,1763.78,los angeles,45.9,routine engine
maint00000708,trk00058,2022-09-15,inspection,560816,4.4,380.68,125.33,506.01,detroit,30.9,routine inspection
maint00000709,trk00103,2022-09-16,repair,738086,7.3,674.02,225.19,899.21,nashville,10.4,emergency repair
maint00000710,trk00109,2022-09-16,transmission,164620,4.4,411.61,1050.16,1461.77,indianapolis,37.1,routine transmission
maint00000711,trk00034,2022-09-16,tire,394907,5.6,500.59,1219.73,1720.32,denver,29.0,emergency tire
maint00000712,trk00070,2022-09-17,brake,720719,7.4,815.73,3064.65,3880.38,indianapolis,17.6,routine brake
maint00000713,trk00096,2022-09-17,tire,310407,5.6,665.68,854.44,1520.12,omaha,18.2,routine tire
maint00000714,trk00008,2022-09-18,repair,227926,7.0,824.9,292.23,1117.13,new york,24.5,emergency repair
maint00000715,trk00108,2022-09-18,repair,481890,7.0,709.22,1709.57,2418.79,dallas,35.0,scheduled repair
maint00000716,trk00087,2022-09-18,repair,173117,3.6,337.35,2715.73,3053.08,chicago,30.1,emergency repair
maint00000717,trk00069,2022-09-19,transmission,269240,1.9,163.25,1774.34,1937.59,columbus,11.3,emergency transmission
maint00000718,trk00050,2022-09-21,tire,407729,7.2,619.7,1092.94,1712.64,portland,35.2,scheduled tire
maint00000719,trk00120,2022-09-22,transmission,466600,3.4,307.3,1081.8,1389.1,indianapolis,34.8,emergency transmission
maint00000720,trk00075,2022-09-22,inspection,136035,2.6,246.84,67.55,314.39,oklahoma city,31.6,emergency inspection
maint00000721,trk00014,2022-09-22,brake,117942,6.5,611.46,1406.83,2018.29,indianapolis,31.1,emergency brake
maint00000722,trk00077,2022-09-23,inspection,500736,4.7,498.22,92.74,590.96,phoenix,19.6,emergency inspection
maint00000723,trk00060,2022-09-23,transmission,530148,1.9,177.19,2290.87,2468.06,denver,41.3,routine transmission
maint00000724,trk00007,2022-09-23,repair,295294,3.9,467.66,1196.74,1664.4,memphis,7.7,emergency repair
maint00000725,trk00105,2022-09-23,preventive,667861,4.5,469.08,434.58,903.66,atlanta,32.5,emergency preventive
maint00000726,trk00046,2022-09-25,repair,211001,0.7,63.51,3441.18,3504.69,salt lake city,23.8,emergency repair
maint00000727,trk00062,2022-09-26,brake,389434,2.1,179.77,1178.44,1358.21,columbus,35.1,scheduled brake
maint00000728,trk00033,2022-09-26,engine,301546,6.6,586.01,2978.45,3564.46,los angeles,40.5,scheduled engine
maint00000729,trk00100,2022-09-26,repair,648635,7.3,864.54,2065.55,2930.09,phoenix,32.4,emergency repair
maint00000730,trk00066,2022-09-27,tire,472908,3.4,343.58,724.44,1068.02,omaha,21.9,routine tire
maint00000731,trk00011,2022-09-27,preventive,454091,5.8,576.77,1446.76,2023.53,new york,47.5,emergency preventive
maint00000732,trk00055,2022-09-28,tire,457189,1.7,177.46,2400.87,2578.33,chicago,3.0,emergency tire
maint00000733,trk00062,2022-09-28,preventive,170387,7.0,712.84,3408.37,4121.21,oklahoma city,42.6,emergency preventive
maint00000734,trk00067,2022-09-29,tire,310374,2.1,254.77,2920.66,3175.43,las vegas,35.7,routine tire
maint00000735,trk00026,2022-09-29,engine,57562,0.7,75.83,589.43,665.26,omaha,27.6,scheduled engine
maint00000736,trk00022,2022-09-29,brake,655820,4.8,581.75,2398.49,2980.24,charlotte,2.7,routine brake
maint00000737,trk00039,2022-09-30,engine,65131,3.9,365.42,2854.56,3219.98,kansas city,30.7,emergency engine
maint00000738,trk00079,2022-09-30,inspection,73387,5.3,571.0,144.06,715.06,kansas city,20.4,emergency inspection
maint00000739,trk00060,2022-10-01,inspection,129855,6.6,818.6,74.42,893.02,philadelphia,27.8,scheduled inspection
maint00000740,trk00105,2022-10-01,transmission,219938,0.7,64.62,56.92,121.54,miami,37.8,routine transmission
maint00000741,trk00043,2022-10-02,tire,644107,1.7,169.23,2829.63,2998.86,los angeles,46.1,scheduled tire
maint00000742,trk00095,2022-10-02,repair,652549,2.2,245.38,3495.17,3740.55,atlanta,26.0,emergency repair
maint00000743,trk00011,2022-10-03,repair,620094,4.0,477.56,145.53,623.09,charlotte,26.4,emergency repair
maint00000744,trk00113,2022-10-03,preventive,502362,6.3,686.53,1477.59,2164.12,oklahoma city,24.5,emergency preventive
maint00000745,trk00068,2022-10-04,tire,309677,4.6,525.66,1268.38,1794.04,minneapolis,34.6,routine tire
maint00000746,trk00043,2022-10-04,tire,244585,4.6,401.73,667.47,1069.2,oklahoma city,36.8,scheduled tire
maint00000747,trk00108,2022-10-04,inspection,520518,5.1,498.23,89.79,588.02,chicago,29.7,scheduled inspection
maint00000748,trk00055,2022-10-05,engine,647871,5.6,499.92,2151.92,2651.84,los angeles,19.6,routine engine
maint00000749,trk00062,2022-10-05,repair,472714,4.5,492.53,2945.7,3438.23,chicago,14.0,emergency repair
maint00000750,trk00108,2022-10-05,inspection,452274,4.2,405.19,83.89,489.08,denver,45.3,routine inspection
maint00000751,trk00028,2022-10-06,brake,468548,5.5,591.48,998.52,1590.0,miami,6.4,routine brake
maint00000752,trk00021,2022-10-06,tire,594086,3.0,303.0,272.69,575.69,omaha,33.2,scheduled tire
maint00000753,trk00041,2022-10-06,preventive,397617,5.6,650.6,1134.17,1784.77,chicago,16.7,emergency preventive
maint00000754,trk00102,2022-10-06,brake,698170,3.4,348.51,667.84,1016.35,philadelphia,42.1,routine brake
maint00000755,trk00085,2022-10-06,preventive,441412,5.6,499.01,663.46,1162.47,los angeles,22.2,scheduled preventive
maint00000756,trk00067,2022-10-06,preventive,315118,2.4,233.71,2910.13,3143.84,minneapolis,10.9,routine preventive
maint00000757,trk00031,2022-10-06,engine,208429,4.8,503.87,1815.51,2319.38,philadelphia,46.8,emergency engine
maint00000758,trk00085,2022-10-07,engine,428777,3.1,335.5,957.54,1293.04,chicago,25.4,routine engine
maint00000759,trk00106,2022-10-07,tire,130148,5.2,608.82,1977.71,2586.53,las vegas,23.0,emergency tire
maint00000760,trk00077,2022-10-08,repair,167561,3.9,379.52,2971.9,3351.42,portland,22.9,routine repair
maint00000761,trk00030,2022-10-09,engine,406064,5.5,493.18,2150.56,2643.74,columbus,44.2,routine engine
maint00000762,trk00079,2022-10-09,tire,117310,4.7,512.44,2548.31,3060.75,dallas,28.7,emergency tire
maint00000763,trk00005,2022-10-09,transmission,230355,3.9,486.08,1875.24,2361.32,portland,41.0,routine transmission
maint00000764,trk00026,2022-10-09,inspection,564033,7.0,767.83,15.5,783.33,salt lake city,39.8,routine inspection
maint00000765,trk00110,2022-10-11,transmission,500881,6.7,833.02,1691.26,2524.28,milwaukee,8.1,routine transmission
maint00000766,trk00068,2022-10-11,brake,722152,6.6,701.25,3483.99,4185.24,indianapolis,9.2,emergency brake
maint00000767,trk00093,2022-10-11,preventive,184992,1.2,107.23,1003.66,1110.89,phoenix,26.0,scheduled preventive
maint00000768,trk00064,2022-10-11,repair,621237,7.1,650.49,2909.34,3559.83,milwaukee,3.6,routine repair
maint00000769,trk00037,2022-10-11,inspection,135687,2.4,250.79,47.15,297.94,new york,34.5,emergency inspection
maint00000770,trk00117,2022-10-11,tire,718111,4.1,485.43,866.97,1352.4,milwaukee,28.3,routine tire
maint00000771,trk00086,2022-10-12,inspection,445942,1.2,118.74,90.87,209.61,indianapolis,4.6,emergency inspection
maint00000772,trk00062,2022-10-12,engine,594451,4.7,551.93,2432.42,2984.35,denver,39.7,emergency engine
maint00000773,trk00048,2022-10-13,tire,688354,2.0,225.91,1665.23,1891.14,milwaukee,20.6,routine tire
maint00000774,trk00045,2022-10-13,tire,152755,2.4,271.35,221.74,493.09,new york,3.0,scheduled tire
maint00000775,trk00008,2022-10-14,tire,317093,2.2,249.77,2740.36,2990.13,charlotte,32.8,routine tire
maint00000776,trk00038,2022-10-14,preventive,559255,3.5,337.46,1282.38,1619.84,charlotte,28.0,scheduled preventive
maint00000777,trk00005,2022-10-14,repair,603165,1.1,110.74,1817.89,1928.63,houston,41.4,routine repair
maint00000778,trk00095,2022-10-14,transmission,704030,6.2,730.68,657.4,1388.08,new york,42.3,routine transmission
maint00000779,trk00017,2022-10-15,tire,158129,7.6,876.91,1675.16,2552.07,charlotte,8.8,emergency tire
maint00000780,trk00006,2022-10-15,inspection,491076,4.1,397.63,86.31,483.94,detroit,31.9,scheduled inspection
maint00000781,trk00012,2022-10-16,transmission,699666,6.7,614.92,3330.46,3945.38,los angeles,11.6,routine transmission
maint00000782,trk00047,2022-10-17,repair,625012,1.6,186.99,2373.6,2560.59,houston,41.6,emergency repair
maint00000783,trk00100,2022-10-17,repair,336763,0.5,48.44,3333.95,3382.39,chicago,21.7,emergency repair
maint00000784,trk00047,2022-10-17,tire,173514,1.4,131.89,392.68,524.57,houston,8.2,scheduled tire
maint00000785,trk00063,2022-10-17,brake,139288,3.6,370.85,2804.81,3175.66,milwaukee,11.1,emergency brake
maint00000786,trk00068,2022-10-17,tire,707091,0.6,71.66,2696.78,2768.44,milwaukee,2.6,scheduled tire
maint00000787,trk00065,2022-10-17,preventive,720978,2.0,218.26,1038.95,1257.21,oklahoma city,5.3,routine preventive
maint00000788,trk00064,2022-10-18,inspection,151823,4.4,399.7,83.25,482.95,detroit,19.0,scheduled inspection
maint00000789,trk00075,2022-10-18,tire,223133,1.7,203.13,571.03,774.16,phoenix,2.9,routine tire
maint00000790,trk00065,2022-10-18,preventive,721145,7.8,819.2,1965.07,2784.27,omaha,29.1,emergency preventive
maint00000791,trk00074,2022-10-19,preventive,190425,7.8,946.94,1185.27,2132.21,kansas city,31.5,routine preventive
maint00000792,trk00025,2022-10-19,inspection,523289,5.0,575.45,89.95,665.4,oklahoma city,9.5,scheduled inspection
maint00000793,trk00017,2022-10-19,engine,627565,3.3,356.29,458.01,814.3,portland,18.5,emergency engine
maint00000794,trk00048,2022-10-19,tire,297549,7.3,793.33,851.45,1644.78,denver,2.2,scheduled tire
maint00000795,trk00070,2022-10-20,engine,447959,3.0,370.4,1787.54,2157.94,new york,13.5,scheduled engine
maint00000796,trk00019,2022-10-20,brake,229836,1.2,148.44,496.96,645.4,oklahoma city,7.9,emergency brake
maint00000797,trk00091,2022-10-20,inspection,447629,3.1,270.82,141.44,412.26,kansas city,3.2,routine inspection
maint00000798,trk00111,2022-10-21,tire,63210,2.7,239.79,2797.54,3037.33,salt lake city,35.0,routine tire
maint00000799,trk00099,2022-10-21,engine,73697,3.5,315.83,1734.9,2050.73,denver,10.8,routine engine
maint00000800,trk00101,2022-10-22,preventive,620713,3.6,412.8,2793.05,3205.85,las vegas,2.9,routine preventive
maint00000801,trk00037,2022-10-22,brake,309459,4.4,512.81,426.04,938.85,detroit,46.6,routine brake
maint00000802,trk00035,2022-10-22,inspection,503591,1.3,154.38,54.63,209.01,atlanta,24.9,emergency inspection
maint00000803,trk00074,2022-10-22,brake,142904,2.6,247.55,3109.61,3357.16,chicago,39.9,emergency brake
maint00000804,trk00093,2022-10-23,inspection,481056,0.7,76.97,123.66,200.63,denver,14.6,emergency inspection
maint00000805,trk00030,2022-10-23,repair,153372,5.7,667.62,739.0,1406.62,oklahoma city,3.3,routine repair
maint00000806,trk00014,2022-10-23,brake,453607,5.4,466.83,1130.7,1597.53,chicago,42.7,scheduled brake
maint00000807,trk00088,2022-10-23,repair,734034,5.6,668.48,1992.84,2661.32,nashville,18.0,routine repair
maint00000808,trk00033,2022-10-24,engine,257173,4.9,524.3,2391.96,2916.26,nashville,36.0,scheduled engine
maint00000809,trk00050,2022-10-24,preventive,457159,4.1,456.01,261.03,717.04,new york,44.8,emergency preventive
maint00000810,trk00097,2022-10-24,tire,157821,3.5,430.57,1740.28,2170.85,phoenix,39.2,routine tire
maint00000811,trk00110,2022-10-24,tire,141957,6.7,693.28,158.55,851.83,los angeles,13.0,routine tire
maint00000812,trk00020,2022-10-25,engine,731112,1.5,160.63,751.25,911.88,salt lake city,24.0,emergency engine
maint00000813,trk00065,2022-10-25,repair,567446,6.1,756.96,2298.38,3055.34,los angeles,27.2,routine repair
maint00000814,trk00055,2022-10-25,preventive,597829,6.2,529.99,1422.53,1952.52,milwaukee,42.7,emergency preventive
maint00000815,trk00052,2022-10-26,preventive,377835,1.8,158.38,1227.91,1386.29,phoenix,8.8,scheduled preventive
maint00000816,trk00105,2022-10-26,engine,241236,5.0,499.41,3193.37,3692.78,milwaukee,29.8,routine engine
maint00000817,trk00098,2022-10-26,repair,240829,0.6,58.79,2711.02,2769.81,las vegas,13.5,scheduled repair
maint00000818,trk00036,2022-10-27,engine,716900,3.3,351.55,687.92,1039.47,detroit,45.6,scheduled engine
maint00000819,trk00106,2022-10-27,brake,62404,5.4,499.92,983.49,1483.41,detroit,14.3,emergency brake
maint00000820,trk00001,2022-10-28,repair,363314,2.5,257.41,773.49,1030.9,kansas city,17.1,routine repair
maint00000821,trk00079,2022-10-28,preventive,255691,1.7,152.51,71.37,223.88,seattle,26.8,routine preventive
maint00000822,trk00024,2022-10-28,engine,740647,6.1,524.53,623.35,1147.88,phoenix,40.7,routine engine
maint00000823,trk00054,2022-10-28,preventive,106226,2.8,325.53,2349.83,2675.36,milwaukee,27.9,scheduled preventive
maint00000824,trk00102,2022-10-29,tire,582493,7.0,605.52,1272.4,1877.92,memphis,25.4,emergency tire
maint00000825,trk00025,2022-10-29,inspection,734898,3.3,287.71,129.88,417.59,phoenix,46.8,scheduled inspection
maint00000826,trk00063,2022-10-29,brake,225769,3.0,270.33,2264.98,2535.31,los angeles,12.3,emergency brake
maint00000827,trk00093,2022-10-30,inspection,220367,1.9,223.46,69.2,292.66,philadelphia,25.7,routine inspection
maint00000828,trk00066,2022-10-30,inspection,576447,4.6,551.41,59.96,611.37,chicago,22.9,routine inspection
maint00000829,trk00001,2022-10-30,brake,327529,5.6,493.88,219.85,713.73,detroit,41.6,scheduled brake
maint00000830,trk00088,2022-10-30,engine,62307,6.1,761.94,2055.76,2817.7,seattle,35.7,scheduled engine
maint00000831,trk00103,2022-10-31,preventive,148933,4.9,534.54,409.0,943.54,los angeles,39.2,scheduled preventive
maint00000832,trk00059,2022-10-31,preventive,443475,1.8,177.84,3416.25,3594.09,kansas city,46.2,routine preventive
maint00000833,trk00087,2022-11-01,brake,531758,2.7,299.5,1113.64,1413.14,oklahoma city,31.8,routine brake
maint00000834,trk00119,2022-11-01,tire,300711,1.1,121.57,3214.81,3336.38,salt lake city,44.8,scheduled tire
maint00000835,trk00045,2022-11-02,engine,457513,5.7,511.56,266.39,777.95,atlanta,16.3,routine engine
maint00000836,trk00001,2022-11-03,repair,174199,2.8,332.69,1770.35,2103.04,philadelphia,25.2,emergency repair
maint00000837,trk00077,2022-11-03,engine,681446,4.1,374.88,2122.96,2497.84,portland,6.3,emergency engine
maint00000838,trk00120,2022-11-03,transmission,356858,1.2,114.34,2310.94,2425.28,houston,35.7,emergency transmission
maint00000839,trk00029,2022-11-04,inspection,105532,7.6,667.67,133.11,800.78,detroit,18.0,routine inspection
maint00000840,trk00061,2022-11-05,transmission,215324,6.4,595.49,1428.5,2023.99,minneapolis,24.5,scheduled transmission
maint00000841,trk00057,2022-11-05,preventive,385555,4.5,476.42,2018.02,2494.44,miami,18.4,scheduled preventive
maint00000842,trk00043,2022-11-05,preventive,573016,0.9,87.21,425.12,512.33,minneapolis,26.7,scheduled preventive
maint00000843,trk00009,2022-11-07,tire,222694,4.4,504.26,735.14,1239.4,houston,42.5,scheduled tire
maint00000844,trk00095,2022-11-07,repair,516236,0.6,52.55,1684.6,1737.15,memphis,44.7,scheduled repair
maint00000845,trk00048,2022-11-08,engine,64465,6.2,669.85,2068.65,2738.5,new york,17.7,emergency engine
maint00000846,trk00038,2022-11-09,preventive,87587,6.1,734.48,3086.65,3821.13,columbus,26.3,scheduled preventive
maint00000847,trk00083,2022-11-10,engine,714816,4.2,428.56,295.16,723.72,miami,17.8,emergency engine
maint00000848,trk00034,2022-11-10,engine,749430,6.7,599.49,216.04,815.53,kansas city,45.8,emergency engine
maint00000849,trk00041,2022-11-10,preventive,620125,7.9,765.22,2856.75,3621.97,los angeles,7.5,routine preventive
maint00000850,trk00019,2022-11-11,inspection,731738,3.7,385.87,148.1,533.97,memphis,27.1,scheduled inspection
maint00000851,trk00086,2022-11-11,tire,290834,5.2,595.25,3037.64,3632.89,minneapolis,33.0,emergency tire
maint00000852,trk00019,2022-11-11,engine,580887,3.7,429.7,391.92,821.62,indianapolis,18.2,scheduled engine
maint00000853,trk00061,2022-11-12,preventive,667899,3.5,377.15,2994.0,3371.15,chicago,18.1,routine preventive
maint00000854,trk00022,2022-11-12,brake,561500,6.9,642.21,925.84,1568.05,milwaukee,3.6,routine brake
maint00000855,trk00025,2022-11-14,transmission,394394,0.6,61.42,1604.85,1666.27,indianapolis,25.5,scheduled transmission
maint00000856,trk00047,2022-11-14,tire,186207,4.5,543.71,583.25,1126.96,salt lake city,13.3,scheduled tire
maint00000857,trk00044,2022-11-14,engine,235058,6.1,741.93,1734.91,2476.84,denver,37.7,scheduled engine
maint00000858,trk00105,2022-11-15,transmission,451028,1.4,138.45,1490.69,1629.14,phoenix,25.5,scheduled transmission
maint00000859,trk00077,2022-11-15,brake,673917,7.8,940.38,75.22,1015.6,milwaukee,21.6,routine brake
maint00000860,trk00112,2022-11-15,brake,303644,2.3,268.79,3321.56,3590.35,portland,24.4,emergency brake
maint00000861,trk00056,2022-11-15,engine,700675,2.5,236.94,899.16,1136.1,los angeles,34.3,scheduled engine
maint00000862,trk00064,2022-11-15,repair,221598,2.4,225.63,2356.12,2581.75,charlotte,5.5,scheduled repair
maint00000863,trk00049,2022-11-16,preventive,378095,4.1,412.56,800.91,1213.47,atlanta,43.5,scheduled preventive
maint00000864,trk00020,2022-11-16,preventive,608206,4.1,439.23,1785.07,2224.3,los angeles,36.0,scheduled preventive
maint00000865,trk00089,2022-11-17,preventive,428999,5.1,634.43,2592.56,3226.99,charlotte,3.6,scheduled preventive
maint00000866,trk00094,2022-11-17,brake,657373,0.7,63.18,2416.34,2479.52,salt lake city,18.1,routine brake
maint00000867,trk00065,2022-11-17,preventive,224690,5.2,605.46,266.41,871.87,milwaukee,24.6,emergency preventive
maint00000868,trk00103,2022-11-17,inspection,719890,4.5,402.43,33.8,436.23,houston,43.4,routine inspection
maint00000869,trk00112,2022-11-18,engine,496865,4.0,448.53,2813.2,3261.73,los angeles,25.3,routine engine
maint00000870,trk00025,2022-11-18,tire,174718,7.3,908.15,100.74,1008.89,phoenix,45.9,emergency tire
maint00000871,trk00022,2022-11-18,repair,718029,6.8,736.8,142.71,879.51,nashville,18.5,routine repair
maint00000872,trk00021,2022-11-18,brake,75135,6.0,568.03,2223.35,2791.38,miami,34.0,scheduled brake
maint00000873,trk00040,2022-11-18,inspection,646110,2.2,215.85,53.03,268.88,los angeles,33.8,emergency inspection
maint00000874,trk00067,2022-11-19,repair,148810,4.8,598.22,1881.66,2479.88,new york,18.7,scheduled repair
maint00000875,trk00095,2022-11-19,brake,248764,1.8,214.16,3098.27,3312.43,omaha,10.7,scheduled brake
maint00000876,trk00027,2022-11-19,repair,728505,4.0,378.5,2959.28,3337.78,phoenix,46.6,scheduled repair
maint00000877,trk00053,2022-11-19,transmission,749310,5.4,509.63,1429.75,1939.38,las vegas,23.8,emergency transmission
maint00000878,trk00027,2022-11-20,tire,280781,4.5,557.09,783.21,1340.3,chicago,38.4,scheduled tire
maint00000879,trk00070,2022-11-20,transmission,394602,2.9,255.31,238.48,493.79,houston,8.4,emergency transmission
maint00000880,trk00061,2022-11-20,preventive,656239,2.3,260.0,1348.06,1608.06,las vegas,36.1,routine preventive
maint00000881,trk00014,2022-11-20,brake,512564,2.8,248.82,1619.46,1868.28,omaha,11.6,emergency brake
maint00000882,trk00113,2022-11-20,repair,601275,4.2,425.71,2879.34,3305.05,indianapolis,41.0,routine repair
maint00000883,trk00004,2022-11-21,tire,128000,7.3,623.48,85.97,709.45,atlanta,35.1,emergency tire
maint00000884,trk00022,2022-11-21,engine,111845,7.9,743.96,1133.29,1877.25,oklahoma city,33.0,routine engine
maint00000885,trk00057,2022-11-21,brake,440944,4.1,456.56,2587.68,3044.24,milwaukee,17.3,emergency brake
maint00000886,trk00071,2022-11-21,engine,176349,1.2,113.27,1905.77,2019.04,minneapolis,5.5,emergency engine
maint00000887,trk00049,2022-11-22,engine,194952,5.0,564.74,2330.26,2895.0,new york,19.6,routine engine
maint00000888,trk00082,2022-11-22,tire,212883,1.3,152.73,3227.39,3380.12,oklahoma city,41.7,scheduled tire
maint00000889,trk00081,2022-11-23,brake,743455,7.5,789.88,1933.26,2723.14,milwaukee,46.4,scheduled brake
maint00000890,trk00034,2022-11-23,inspection,217455,0.5,47.84,112.78,160.62,dallas,27.3,emergency inspection
maint00000891,trk00080,2022-11-24,tire,626606,7.1,677.61,203.29,880.9,portland,5.7,scheduled tire
maint00000892,trk00014,2022-11-24,preventive,331312,3.3,408.24,2418.38,2826.62,salt lake city,14.1,routine preventive
maint00000893,trk00086,2022-11-24,preventive,355755,4.8,590.02,1231.3,1821.32,phoenix,18.4,scheduled preventive
maint00000894,trk00055,2022-11-25,transmission,405542,6.5,566.51,1754.07,2320.58,milwaukee,8.6,emergency transmission
maint00000895,trk00063,2022-11-25,tire,129102,7.3,779.1,3396.14,4175.24,houston,41.0,scheduled tire
maint00000896,trk00021,2022-11-25,preventive,247752,6.4,783.55,1180.39,1963.94,nashville,45.8,routine preventive
maint00000897,trk00073,2022-11-26,brake,477298,2.0,220.47,1599.99,1820.46,milwaukee,3.4,scheduled brake
maint00000898,trk00011,2022-11-27,engine,567822,5.5,492.0,2975.6,3467.6,oklahoma city,24.1,scheduled engine
maint00000899,trk00110,2022-11-27,transmission,227393,2.6,222.86,2348.07,2570.93,houston,12.4,scheduled transmission
maint00000900,trk00057,2022-11-28,repair,82349,2.4,208.61,1254.67,1463.28,new york,6.8,routine repair
maint00000901,trk00105,2022-11-28,inspection,702960,4.2,432.82,22.08,454.9,minneapolis,23.9,emergency inspection
maint00000902,trk00018,2022-11-29,transmission,401280,3.1,293.6,868.0,1161.6,indianapolis,30.2,emergency transmission
maint00000903,trk00004,2022-11-29,engine,467886,4.8,497.63,2082.73,2580.36,chicago,4.5,routine engine
maint00000904,trk00033,2022-11-29,preventive,215720,2.9,335.99,1340.17,1676.16,charlotte,6.0,scheduled preventive
maint00000905,trk00114,2022-11-30,repair,501425,4.5,404.38,1124.33,1528.71,philadelphia,9.8,emergency repair
maint00000906,trk00042,2022-11-30,repair,550254,7.5,848.47,1468.46,2316.93,las vegas,37.5,routine repair
maint00000907,trk00054,2022-11-30,engine,622284,0.8,74.1,1548.6,1622.7,columbus,13.9,routine engine
maint00000908,trk00110,2022-12-02,brake,340139,7.8,851.27,2204.03,3055.3,seattle,23.6,emergency brake
maint00000909,trk00045,2022-12-02,repair,347289,0.8,72.75,2605.26,2678.01,kansas city,8.9,routine repair
maint00000910,trk00023,2022-12-02,tire,664400,1.6,177.96,1355.67,1533.63,portland,23.3,routine tire
maint00000911,trk00023,2022-12-02,repair,729619,6.3,692.1,1519.08,2211.18,philadelphia,29.3,emergency repair
maint00000912,trk00082,2022-12-04,transmission,232140,7.8,818.23,1228.2,2046.43,new york,3.0,routine transmission
maint00000913,trk00051,2022-12-04,transmission,238317,5.5,684.5,2529.34,3213.84,phoenix,37.6,scheduled transmission
maint00000914,trk00096,2022-12-05,repair,161893,0.7,82.58,2114.48,2197.06,oklahoma city,20.0,scheduled repair
maint00000915,trk00060,2022-12-06,inspection,208762,2.9,318.07,29.71,347.78,oklahoma city,16.8,routine inspection
maint00000916,trk00095,2022-12-06,repair,146886,3.7,408.82,2574.49,2983.31,philadelphia,6.2,routine repair
maint00000917,trk00073,2022-12-06,brake,526591,1.6,175.8,2145.29,2321.09,chicago,29.5,emergency brake
maint00000918,trk00103,2022-12-07,preventive,687917,5.0,567.07,1603.63,2170.7,salt lake city,31.7,emergency preventive
maint00000919,trk00034,2022-12-08,tire,588799,5.1,447.51,889.28,1336.79,oklahoma city,14.0,scheduled tire
maint00000920,trk00054,2022-12-09,engine,413599,8.0,968.89,2025.09,2993.98,oklahoma city,3.0,emergency engine
maint00000921,trk00004,2022-12-09,repair,561397,0.9,92.63,1557.67,1650.3,oklahoma city,43.1,routine repair
maint00000922,trk00118,2022-12-09,tire,455157,4.2,492.84,3310.57,3803.41,los angeles,37.4,scheduled tire
maint00000923,trk00033,2022-12-11,engine,554823,3.0,305.05,696.26,1001.31,houston,43.5,routine engine
maint00000924,trk00059,2022-12-11,repair,215394,2.5,257.83,1438.67,1696.5,philadelphia,18.8,routine repair
maint00000925,trk00006,2022-12-11,repair,430288,2.1,237.72,2735.25,2972.97,philadelphia,24.0,emergency repair
maint00000926,trk00111,2022-12-11,preventive,422186,4.9,577.39,1841.72,2419.11,nashville,17.3,emergency preventive
maint00000927,trk00103,2022-12-12,inspection,356147,2.3,273.58,99.23,372.81,chicago,27.7,routine inspection
maint00000928,trk00013,2022-12-12,repair,69846,4.4,411.53,1542.11,1953.64,houston,36.7,emergency repair
maint00000929,trk00119,2022-12-12,inspection,152094,1.9,176.85,102.09,278.94,minneapolis,13.2,emergency inspection
maint00000930,trk00055,2022-12-13,brake,630771,4.1,478.48,3481.92,3960.4,los angeles,18.3,emergency brake
maint00000931,trk00107,2022-12-13,transmission,404561,1.9,216.26,566.67,782.93,charlotte,27.4,emergency transmission
maint00000932,trk00099,2022-12-13,engine,350802,7.3,892.62,2211.78,3104.4,seattle,15.9,scheduled engine
maint00000933,trk00021,2022-12-13,brake,670461,3.8,462.56,2219.1,2681.66,indianapolis,22.1,emergency brake
maint00000934,trk00071,2022-12-13,brake,378147,6.2,619.87,1209.14,1829.01,houston,30.3,emergency brake
maint00000935,trk00106,2022-12-14,transmission,172109,6.0,604.44,3181.21,3785.65,memphis,21.5,scheduled transmission
maint00000936,trk00067,2022-12-14,inspection,565075,3.6,338.76,111.63,450.39,chicago,13.5,scheduled inspection
maint00000937,trk00060,2022-12-14,transmission,379534,5.5,498.67,1235.1,1733.77,columbus,13.4,emergency transmission
maint00000938,trk00109,2022-12-15,tire,410756,3.4,386.9,1586.02,1972.92,los angeles,37.5,routine tire
maint00000939,trk00073,2022-12-15,repair,601160,6.8,655.93,2042.82,2698.75,las vegas,32.0,emergency repair
maint00000940,trk00106,2022-12-15,inspection,207175,7.2,689.42,111.68,801.1,las vegas,39.1,emergency inspection
maint00000941,trk00003,2022-12-15,brake,311782,4.2,391.14,407.28,798.42,los angeles,21.7,routine brake
maint00000942,trk00114,2022-12-15,brake,544698,2.7,322.98,562.34,885.32,indianapolis,38.8,scheduled brake
maint00000943,trk00050,2022-12-16,brake,112023,2.5,265.32,993.43,1258.75,columbus,13.6,emergency brake
maint00000944,trk00005,2022-12-16,inspection,722835,3.1,342.45,61.64,404.09,salt lake city,38.4,emergency inspection
maint00000945,trk00063,2022-12-17,tire,126076,5.4,660.43,2123.31,2783.74,detroit,22.5,routine tire
maint00000946,trk00026,2022-12-17,brake,708474,2.7,297.56,2879.65,3177.21,miami,26.1,scheduled brake
maint00000947,trk00112,2022-12-17,brake,207553,7.6,931.66,2187.42,3119.08,nashville,30.1,routine brake
maint00000948,trk00006,2022-12-17,inspection,184496,1.1,118.32,100.65,218.97,detroit,23.6,scheduled inspection
maint00000949,trk00006,2022-12-18,engine,647070,6.0,660.22,2253.5,2913.72,houston,30.8,scheduled engine
maint00000950,trk00106,2022-12-18,engine,650488,7.0,618.78,2873.2,3491.98,new york,27.6,emergency engine
maint00000951,trk00040,2022-12-18,repair,484231,4.1,386.4,827.32,1213.72,dallas,31.9,routine repair
maint00000952,trk00005,2022-12-19,inspection,701330,3.5,399.77,61.47,461.24,memphis,23.7,emergency inspection
maint00000953,trk00046,2022-12-19,preventive,539445,5.7,698.08,2746.74,3444.82,oklahoma city,44.6,emergency preventive
maint00000954,trk00003,2022-12-19,repair,158197,1.3,144.81,2831.71,2976.52,oklahoma city,22.5,scheduled repair
maint00000955,trk00057,2022-12-20,preventive,651776,4.6,502.09,2986.52,3488.61,phoenix,24.8,scheduled preventive
maint00000956,trk00085,2022-12-21,inspection,251195,7.8,787.35,53.16,840.51,minneapolis,3.1,routine inspection
maint00000957,trk00044,2022-12-21,engine,213976,7.0,633.37,3318.5,3951.87,omaha,37.5,scheduled engine
maint00000958,trk00068,2022-12-22,brake,634553,4.1,493.97,1282.32,1776.29,denver,13.1,routine brake
maint00000959,trk00030,2022-12-22,repair,626518,4.1,469.33,142.43,611.76,kansas city,34.6,scheduled repair
maint00000960,trk00039,2022-12-22,inspection,401167,3.4,417.43,56.24,473.67,minneapolis,38.2,scheduled inspection
maint00000961,trk00037,2022-12-22,transmission,105346,6.6,582.91,1968.95,2551.86,columbus,39.1,emergency transmission
maint00000962,trk00054,2022-12-22,repair,230202,2.5,291.42,1992.1,2283.52,memphis,11.4,routine repair
maint00000963,trk00085,2022-12-23,inspection,551400,2.9,321.53,100.78,422.31,houston,24.9,emergency inspection
maint00000964,trk00005,2022-12-23,repair,292022,5.0,432.75,1465.29,1898.04,los angeles,3.1,scheduled repair
maint00000965,trk00056,2022-12-23,inspection,78745,5.7,640.74,100.32,741.06,seattle,18.1,emergency inspection
maint00000966,trk00007,2022-12-23,brake,501787,6.5,804.7,3479.44,4284.14,milwaukee,45.8,scheduled brake
maint00000967,trk00083,2022-12-24,inspection,724130,7.7,858.06,112.61,970.67,oklahoma city,16.7,routine inspection
maint00000968,trk00054,2022-12-24,brake,398201,0.9,91.46,2533.88,2625.34,portland,24.8,routine brake
maint00000969,trk00112,2022-12-24,preventive,509896,5.9,600.06,2413.38,3013.44,indianapolis,32.3,emergency preventive
maint00000970,trk00048,2022-12-24,brake,207360,1.2,142.05,2294.63,2436.68,nashville,34.0,routine brake
maint00000971,trk00069,2022-12-24,engine,234977,3.8,365.72,2973.17,3338.89,philadelphia,11.6,scheduled engine
maint00000972,trk00108,2022-12-25,inspection,649222,3.2,373.41,118.67,492.08,chicago,21.8,emergency inspection
maint00000973,trk00099,2022-12-25,tire,229913,3.3,318.45,823.45,1141.9,omaha,34.4,routine tire
maint00000974,trk00060,2022-12-25,brake,473119,4.6,501.52,2393.72,2895.24,portland,2.3,emergency brake
maint00000975,trk00014,2022-12-26,repair,85556,6.7,835.34,1701.06,2536.4,phoenix,9.6,scheduled repair
maint00000976,trk00043,2022-12-26,engine,588202,8.0,871.14,194.02,1065.16,nashville,12.9,routine engine
maint00000977,trk00064,2022-12-26,brake,262030,1.4,163.72,2028.03,2191.75,los angeles,24.6,routine brake
maint00000978,trk00046,2022-12-26,inspection,722624,1.1,101.85,11.82,113.67,los angeles,27.4,scheduled inspection
maint00000979,trk00052,2022-12-27,repair,142902,3.6,314.28,2827.47,3141.75,kansas city,40.7,routine repair
maint00000980,trk00116,2022-12-27,inspection,410856,2.5,291.8,91.21,383.01,houston,3.1,scheduled inspection
maint00000981,trk00018,2022-12-27,inspection,107153,7.6,876.34,102.8,979.14,los angeles,46.1,scheduled inspection
maint00000982,trk00116,2022-12-28,brake,325104,6.8,580.09,407.8,987.89,kansas city,39.4,scheduled brake
maint00000983,trk00024,2022-12-28,engine,553780,3.2,285.24,1744.37,2029.61,memphis,38.8,routine engine
maint00000984,trk00101,2022-12-28,engine,513237,5.8,611.71,274.19,885.9,omaha,14.8,routine engine
maint00000985,trk00085,2022-12-29,transmission,117118,4.2,390.21,2670.18,3060.39,chicago,42.9,emergency transmission
maint00000986,trk00062,2022-12-29,transmission,732039,2.0,235.35,1107.7,1343.05,memphis,28.4,emergency transmission
maint00000987,trk00013,2022-12-29,transmission,709961,2.2,266.17,800.61,1066.78,kansas city,21.6,emergency transmission
maint00000988,trk00093,2022-12-30,brake,164421,0.5,53.79,1442.02,1495.81,minneapolis,30.6,emergency brake
maint00000989,trk00108,2022-12-30,brake,513808,0.7,73.59,141.53,215.12,indianapolis,29.1,emergency brake
maint00000990,trk00043,2022-12-31,preventive,629761,6.0,607.24,2870.09,3477.33,chicago,23.8,routine preventive
maint00000991,trk00012,2022-12-31,brake,113789,6.4,642.05,1214.54,1856.59,portland,29.7,emergency brake
maint00000992,trk00103,2022-12-31,repair,134998,4.5,542.94,3382.28,3925.22,new york,19.9,emergency repair
maint00000993,trk00010,2022-12-31,inspection,499339,4.6,456.83,58.31,515.14,seattle,5.9,scheduled inspection
maint00000994,trk00008,2022-12-31,preventive,705752,3.0,328.27,2527.2,2855.47,chicago,5.1,routine preventive
maint00000995,trk00098,2023-01-02,inspection,521394,0.9,99.1,112.12,211.22,detroit,30.3,emergency inspection
maint00000996,trk00107,2023-01-02,transmission,94108,2.7,229.59,2236.93,2466.52,omaha,19.7,emergency transmission
maint00000997,trk00104,2023-01-02,preventive,430406,0.7,68.46,1423.21,1491.67,miami,32.3,routine preventive
maint00000998,trk00033,2023-01-02,brake,120404,0.7,63.47,1353.55,1417.02,detroit,40.0,scheduled brake
maint00000999,trk00065,2023-01-02,inspection,479024,2.8,247.75,44.94,292.69,miami,16.5,routine inspection
maint00001000,trk00044,2023-01-02,tire,723553,4.3,519.71,3468.86,3988.57,phoenix,6.8,scheduled tire
maint00001001,trk00097,2023-01-03,tire,320728,5.4,650.35,3497.17,4147.52,houston,29.0,emergency tire
maint00001002,trk00071,2023-01-03,engine,83626,6.0,565.55,1020.6,1586.15,seattle,20.5,scheduled engine
maint00001003,trk00010,2023-01-03,tire,651619,7.2,688.37,523.21,1211.58,new york,31.1,emergency tire
maint00001004,trk00057,2023-01-03,engine,185697,5.4,597.44,608.13,1205.57,phoenix,23.5,routine engine
maint00001005,trk00068,2023-01-03,preventive,504577,4.7,498.11,1441.6,1939.71,memphis,15.6,scheduled preventive
maint00001006,trk00033,2023-01-04,tire,192751,1.6,174.4,2163.0,2337.4,las vegas,5.2,routine tire
maint00001007,trk00067,2023-01-04,inspection,75334,3.5,435.2,43.57,478.77,detroit,17.6,scheduled inspection
maint00001008,trk00116,2023-01-05,transmission,469423,3.8,425.37,2286.76,2712.13,memphis,24.8,emergency transmission
maint00001009,trk00023,2023-01-05,tire,422835,6.0,559.6,3156.77,3716.37,detroit,27.0,scheduled tire
maint00001010,trk00008,2023-01-06,tire,354844,4.5,535.15,1486.24,2021.39,houston,22.3,emergency tire
maint00001011,trk00063,2023-01-06,transmission,164716,3.9,470.19,430.99,901.18,salt lake city,16.2,emergency transmission
maint00001012,trk00081,2023-01-07,preventive,80287,2.6,321.12,136.21,457.33,houston,41.9,emergency preventive
maint00001013,trk00034,2023-01-07,tire,138155,0.9,107.88,852.83,960.71,miami,26.8,scheduled tire
maint00001014,trk00038,2023-01-08,tire,405005,6.2,608.41,596.92,1205.33,phoenix,8.6,scheduled tire
maint00001015,trk00054,2023-01-08,preventive,691242,3.1,264.19,932.14,1196.33,milwaukee,31.5,routine preventive
maint00001016,trk00038,2023-01-09,preventive,630614,5.0,456.34,3419.04,3875.38,new york,18.5,emergency preventive
maint00001017,trk00111,2023-01-09,repair,321587,6.4,796.52,3119.5,3916.02,portland,5.9,scheduled repair
maint00001018,trk00015,2023-01-09,transmission,709380,2.6,271.86,2535.87,2807.73,phoenix,33.3,routine transmission
maint00001019,trk00055,2023-01-10,brake,618898,4.5,540.21,3420.12,3960.33,las vegas,29.2,emergency brake
maint00001020,trk00077,2023-01-10,tire,59621,5.7,697.27,2213.74,2911.01,chicago,37.8,scheduled tire
maint00001021,trk00109,2023-01-10,brake,670981,1.2,136.94,2552.68,2689.62,miami,25.5,scheduled brake
maint00001022,trk00100,2023-01-12,inspection,183155,1.3,123.54,147.25,270.79,detroit,27.9,scheduled inspection
maint00001023,trk00063,2023-01-12,inspection,600435,0.5,57.27,143.43,200.7,columbus,23.4,routine inspection
maint00001024,trk00035,2023-01-12,transmission,619070,1.1,112.78,2400.39,2513.17,atlanta,23.0,scheduled transmission
maint00001025,trk00078,2023-01-12,tire,412831,6.9,699.44,344.42,1043.86,minneapolis,32.4,scheduled tire
maint00001026,trk00024,2023-01-13,repair,431820,5.3,462.8,2290.63,2753.43,philadelphia,47.9,routine repair
maint00001027,trk00056,2023-01-13,repair,245692,7.0,805.06,2221.32,3026.38,omaha,43.6,routine repair
maint00001028,trk00074,2023-01-13,transmission,323261,7.9,716.84,2344.22,3061.06,memphis,5.7,emergency transmission
maint00001029,trk00089,2023-01-14,preventive,321644,5.5,558.54,102.42,660.96,nashville,33.7,scheduled preventive
maint00001030,trk00046,2023-01-14,repair,350889,4.3,489.78,63.52,553.3,dallas,36.5,scheduled repair
maint00001031,trk00028,2023-01-14,repair,708976,0.9,85.51,1349.93,1435.44,minneapolis,9.4,emergency repair
maint00001032,trk00082,2023-01-15,inspection,276388,3.6,374.81,147.29,522.1,miami,5.5,scheduled inspection
maint00001033,trk00107,2023-01-15,brake,403201,1.9,190.06,729.05,919.11,denver,7.4,routine brake
maint00001034,trk00022,2023-01-16,brake,619706,1.8,177.73,531.98,709.71,new york,8.7,emergency brake
maint00001035,trk00091,2023-01-16,transmission,50156,0.5,53.73,1431.31,1485.04,atlanta,28.3,routine transmission
maint00001036,trk00099,2023-01-16,engine,698273,7.0,603.91,568.42,1172.33,indianapolis,31.6,scheduled engine
maint00001037,trk00086,2023-01-17,inspection,741505,2.2,193.51,73.99,267.5,new york,27.8,scheduled inspection
maint00001038,trk00016,2023-01-17,preventive,151871,7.2,654.37,3039.64,3694.01,milwaukee,4.3,routine preventive
maint00001039,trk00027,2023-01-17,tire,401992,5.2,482.73,950.4,1433.13,las vegas,14.9,routine tire
maint00001040,trk00041,2023-01-17,transmission,331093,6.4,682.33,2963.4,3645.73,los angeles,20.4,emergency transmission
maint00001041,trk00111,2023-01-18,tire,294540,1.0,104.81,1804.87,1909.68,omaha,3.4,scheduled tire
maint00001042,trk00020,2023-01-18,tire,71698,3.7,408.05,1628.11,2036.16,nashville,23.9,routine tire
maint00001043,trk00072,2023-01-18,engine,122764,7.5,700.92,3190.49,3891.41,denver,25.2,scheduled engine
maint00001044,trk00054,2023-01-19,repair,392165,0.6,63.31,357.07,420.38,milwaukee,14.9,scheduled repair
maint00001045,trk00025,2023-01-19,preventive,571150,4.6,467.13,3244.53,3711.66,atlanta,30.6,routine preventive
maint00001046,trk00093,2023-01-19,preventive,208925,1.3,127.87,891.33,1019.2,detroit,5.3,scheduled preventive
maint00001047,trk00091,2023-01-20,preventive,661442,3.9,373.67,277.42,651.09,oklahoma city,16.6,emergency preventive
maint00001048,trk00119,2023-01-20,preventive,630178,6.5,784.32,2331.71,3116.03,charlotte,15.9,emergency preventive
maint00001049,trk00005,2023-01-20,preventive,168853,4.6,425.34,1830.04,2255.38,los angeles,37.6,routine preventive
maint00001050,trk00005,2023-01-21,engine,333730,2.8,249.42,3041.51,3290.93,kansas city,3.7,emergency engine
maint00001051,trk00058,2023-01-21,preventive,608218,1.9,185.08,2333.16,2518.24,chicago,9.8,scheduled preventive
maint00001052,trk00028,2023-01-21,preventive,316412,0.8,89.45,3372.95,3462.4,portland,34.6,routine preventive
maint00001053,trk00010,2023-01-22,repair,728932,7.7,917.58,1791.5,2709.08,omaha,3.6,scheduled repair
maint00001054,trk00026,2023-01-23,repair,735595,5.5,556.99,2693.75,3250.74,oklahoma city,46.4,routine repair
maint00001055,trk00081,2023-01-23,inspection,622028,7.9,863.21,71.01,934.22,denver,13.9,scheduled inspection
maint00001056,trk00108,2023-01-23,transmission,117558,2.8,239.35,2079.73,2319.08,seattle,45.2,emergency transmission
maint00001057,trk00090,2023-01-23,brake,577803,2.9,270.48,3244.19,3514.67,memphis,30.5,scheduled brake
maint00001058,trk00035,2023-01-23,repair,541372,2.4,276.72,2249.16,2525.88,phoenix,34.6,emergency repair
maint00001059,trk00117,2023-01-24,engine,102762,3.3,379.72,357.58,737.3,memphis,21.9,scheduled engine
maint00001060,trk00023,2023-01-26,inspection,619497,3.2,330.47,48.98,379.45,portland,7.0,scheduled inspection
maint00001061,trk00073,2023-01-26,engine,139323,2.3,216.64,2880.13,3096.77,las vegas,20.8,scheduled engine
maint00001062,trk00117,2023-01-26,transmission,749698,7.6,815.93,1177.23,1993.16,denver,16.5,routine transmission
maint00001063,trk00037,2023-01-26,repair,592776,7.2,749.88,2268.69,3018.57,indianapolis,10.4,scheduled repair
maint00001064,trk00101,2023-01-26,tire,645226,2.1,240.69,707.67,948.36,milwaukee,8.2,scheduled tire
maint00001065,trk00113,2023-01-27,brake,73760,4.4,422.85,406.1,828.95,milwaukee,14.0,routine brake
maint00001066,trk00024,2023-01-27,preventive,242494,7.3,737.18,605.46,1342.64,denver,41.2,scheduled preventive
maint00001067,trk00074,2023-01-27,brake,608663,4.4,448.41,2014.14,2462.55,columbus,40.2,emergency brake
maint00001068,trk00015,2023-01-28,tire,715225,3.2,360.12,2307.51,2667.63,las vegas,42.8,scheduled tire
maint00001069,trk00018,2023-01-28,preventive,361857,5.4,461.84,3407.93,3869.77,dallas,40.2,routine preventive
maint00001070,trk00040,2023-01-28,brake,115778,6.5,776.58,383.97,1160.55,dallas,46.4,routine brake
maint00001071,trk00038,2023-01-29,brake,424896,2.2,236.14,1211.27,1447.41,miami,44.1,routine brake
maint00001072,trk00068,2023-01-29,engine,376558,0.5,50.73,325.49,376.22,philadelphia,43.2,routine engine
maint00001073,trk00035,2023-01-29,repair,737786,5.2,552.54,1143.68,1696.22,denver,18.9,routine repair
maint00001074,trk00013,2023-01-30,brake,598628,3.7,369.06,1144.27,1513.33,dallas,38.2,routine brake
maint00001075,trk00110,2023-01-30,repair,121770,7.4,749.73,705.76,1455.49,charlotte,20.7,routine repair
maint00001076,trk00093,2023-01-30,preventive,703552,5.8,520.99,175.1,696.09,portland,45.0,routine preventive
maint00001077,trk00044,2023-01-31,engine,55171,1.8,190.15,1993.27,2183.42,phoenix,2.5,routine engine
maint00001078,trk00014,2023-02-02,transmission,743020,2.7,279.31,3230.43,3509.74,charlotte,45.7,emergency transmission
maint00001079,trk00082,2023-02-02,preventive,685820,4.8,480.5,1411.34,1891.84,oklahoma city,15.5,emergency preventive
maint00001080,trk00058,2023-02-03,preventive,585935,6.9,742.3,3070.62,3812.92,detroit,28.6,emergency preventive
maint00001081,trk00020,2023-02-03,repair,570744,1.7,159.91,2213.38,2373.29,phoenix,34.6,scheduled repair
maint00001082,trk00065,2023-02-03,inspection,583264,4.0,423.48,41.43,464.91,omaha,20.4,emergency inspection
maint00001083,trk00100,2023-02-04,engine,166251,7.4,726.49,197.35,923.84,nashville,27.4,scheduled engine
maint00001084,trk00006,2023-02-04,engine,511808,2.0,246.55,2442.34,2688.89,las vegas,16.0,routine engine
maint00001085,trk00021,2023-02-04,brake,676699,4.1,473.22,2512.36,2985.58,new york,40.5,routine brake
maint00001086,trk00119,2023-02-04,tire,652889,3.3,300.86,3264.84,3565.7,milwaukee,10.2,routine tire
maint00001087,trk00022,2023-02-05,inspection,406157,2.1,219.78,37.29,257.07,las vegas,39.5,emergency inspection
maint00001088,trk00030,2023-02-05,inspection,424651,5.0,598.21,92.65,690.86,memphis,4.6,routine inspection
maint00001089,trk00014,2023-02-05,tire,430345,7.8,962.38,1956.87,2919.25,minneapolis,39.1,scheduled tire
maint00001090,trk00035,2023-02-06,brake,574021,5.8,611.95,1791.92,2403.87,omaha,47.4,scheduled brake
maint00001091,trk00077,2023-02-06,preventive,209594,1.9,207.91,1928.27,2136.18,new york,7.9,routine preventive
maint00001092,trk00039,2023-02-06,inspection,282975,6.1,757.98,148.15,906.13,milwaukee,15.2,scheduled inspection
maint00001093,trk00050,2023-02-06,engine,64948,8.0,836.44,653.2,1489.64,phoenix,27.5,emergency engine
maint00001094,trk00006,2023-02-07,inspection,200080,0.6,53.19,69.54,122.73,salt lake city,11.8,routine inspection
maint00001095,trk00060,2023-02-07,tire,456995,1.3,160.67,1198.33,1359.0,portland,2.0,scheduled tire
maint00001096,trk00045,2023-02-08,brake,508017,5.6,553.08,1974.52,2527.6,memphis,47.0,scheduled brake
maint00001097,trk00044,2023-02-08,brake,260403,5.3,485.75,3173.46,3659.21,kansas city,45.5,routine brake
maint00001098,trk00081,2023-02-09,preventive,306999,6.9,756.33,1105.03,1861.36,seattle,28.2,scheduled preventive
maint00001099,trk00038,2023-02-10,tire,490244,2.2,238.16,1095.37,1333.53,columbus,24.9,routine tire
maint00001100,trk00071,2023-02-10,transmission,417836,7.4,666.93,400.2,1067.13,los angeles,18.5,scheduled transmission
maint00001101,trk00039,2023-02-12,transmission,205276,1.2,133.65,111.36,245.01,salt lake city,34.8,scheduled transmission
maint00001102,trk00108,2023-02-12,brake,421852,7.8,779.1,260.21,1039.31,dallas,3.5,routine brake
maint00001103,trk00062,2023-02-13,preventive,428350,1.9,202.44,2110.88,2313.32,chicago,46.1,emergency preventive
maint00001104,trk00090,2023-02-13,repair,595304,1.0,99.7,1755.8,1855.5,indianapolis,23.2,scheduled repair
maint00001105,trk00062,2023-02-13,repair,748984,3.5,308.35,808.63,1116.98,denver,26.2,emergency repair
maint00001106,trk00040,2023-02-13,brake,729103,2.0,214.6,2468.28,2682.88,new york,26.9,routine brake
maint00001107,trk00013,2023-02-13,tire,583365,6.5,725.16,2443.58,3168.74,salt lake city,11.5,scheduled tire
maint00001108,trk00115,2023-02-13,transmission,618370,1.9,206.07,1690.14,1896.21,memphis,19.3,emergency transmission
maint00001109,trk00114,2023-02-13,repair,193678,0.7,68.31,68.28,136.59,omaha,34.2,emergency repair
maint00001110,trk00064,2023-02-14,repair,623576,7.4,722.07,765.39,1487.46,memphis,42.7,routine repair
maint00001111,trk00078,2023-02-14,repair,186830,4.7,442.13,1131.51,1573.64,kansas city,31.1,emergency repair
maint00001112,trk00010,2023-02-15,transmission,567368,7.7,776.66,3458.43,4235.09,new york,39.1,scheduled transmission
maint00001113,trk00029,2023-02-15,preventive,434354,2.1,188.14,1008.41,1196.55,dallas,39.8,routine preventive
maint00001114,trk00011,2023-02-15,preventive,413638,1.7,147.33,1181.85,1329.18,portland,7.8,emergency preventive
maint00001115,trk00031,2023-02-16,brake,276972,5.7,597.91,2575.79,3173.7,salt lake city,11.8,scheduled brake
maint00001116,trk00040,2023-02-16,inspection,694636,4.0,486.98,114.57,601.55,memphis,27.2,scheduled inspection
maint00001117,trk00056,2023-02-16,inspection,494793,3.1,294.23,86.54,380.77,memphis,43.0,emergency inspection
maint00001118,trk00016,2023-02-17,inspection,688104,6.5,680.25,107.97,788.22,milwaukee,37.0,scheduled inspection
maint00001119,trk00075,2023-02-18,transmission,532630,7.6,905.39,3457.49,4362.88,salt lake city,45.1,emergency transmission
maint00001120,trk00103,2023-02-18,engine,688545,6.5,692.84,1607.64,2300.48,chicago,23.9,routine engine
maint00001121,trk00089,2023-02-19,brake,115942,5.6,685.86,322.84,1008.7,denver,3.8,routine brake
maint00001122,trk00111,2023-02-20,repair,113322,3.1,313.81,101.07,414.88,oklahoma city,33.6,emergency repair
maint00001123,trk00090,2023-02-20,engine,489726,1.3,152.46,314.19,466.65,seattle,44.0,emergency engine
maint00001124,trk00027,2023-02-21,inspection,162666,1.3,147.74,22.47,170.21,indianapolis,20.8,emergency inspection
maint00001125,trk00021,2023-02-21,transmission,92803,6.1,664.85,432.49,1097.34,chicago,42.6,routine transmission
maint00001126,trk00073,2023-02-21,preventive,370463,7.6,862.95,2770.31,3633.26,new york,9.5,emergency preventive
maint00001127,trk00043,2023-02-21,inspection,274582,1.1,121.05,41.99,163.04,philadelphia,14.3,scheduled inspection
maint00001128,trk00047,2023-02-21,preventive,369073,7.2,844.89,3488.15,4333.04,indianapolis,26.5,scheduled preventive
maint00001129,trk00111,2023-02-21,transmission,618604,7.2,877.31,1170.21,2047.52,dallas,3.7,routine transmission
maint00001130,trk00095,2023-02-22,repair,362421,4.0,445.39,2591.71,3037.1,oklahoma city,32.2,scheduled repair
maint00001131,trk00007,2023-02-22,brake,583604,1.9,169.52,1570.17,1739.69,denver,8.8,routine brake
maint00001132,trk00056,2023-02-22,brake,95338,7.7,748.02,2404.34,3152.36,philadelphia,35.3,scheduled brake
maint00001133,trk00086,2023-02-24,engine,192197,4.6,552.33,1726.13,2278.46,nashville,34.5,scheduled engine
maint00001134,trk00009,2023-02-25,inspection,559837,3.7,440.44,111.84,552.28,chicago,6.9,scheduled inspection
maint00001135,trk00082,2023-02-25,preventive,185583,5.8,629.43,633.54,1262.97,los angeles,13.1,emergency preventive
maint00001136,trk00040,2023-02-26,tire,519271,5.2,645.74,3396.34,4042.08,minneapolis,3.6,scheduled tire
maint00001137,trk00005,2023-02-26,repair,421891,3.6,397.47,1479.08,1876.55,minneapolis,41.5,routine repair
maint00001138,trk00079,2023-02-27,repair,624786,1.0,89.41,2169.91,2259.32,memphis,9.2,emergency repair
maint00001139,trk00073,2023-02-27,brake,215992,3.3,320.21,1250.75,1570.96,phoenix,8.2,emergency brake
maint00001140,trk00018,2023-02-28,repair,225146,6.9,643.74,1293.51,1937.25,los angeles,12.8,scheduled repair
maint00001141,trk00038,2023-03-01,brake,562945,4.6,411.37,1701.75,2113.12,salt lake city,27.5,scheduled brake
maint00001142,trk00109,2023-03-01,inspection,687696,1.1,126.21,99.53,225.74,oklahoma city,34.9,routine inspection
maint00001143,trk00082,2023-03-01,tire,431774,1.1,118.2,834.39,952.59,los angeles,14.4,emergency tire
maint00001144,trk00015,2023-03-01,preventive,433762,5.6,666.23,2633.73,3299.96,philadelphia,33.6,emergency preventive
maint00001145,trk00114,2023-03-01,brake,247430,6.2,773.24,2291.11,3064.35,miami,40.1,emergency brake
maint00001146,trk00051,2023-03-01,preventive,111369,4.6,477.77,1314.0,1791.77,detroit,26.4,emergency preventive
maint00001147,trk00015,2023-03-03,transmission,92439,7.6,685.75,278.61,964.36,atlanta,11.4,routine transmission
maint00001148,trk00095,2023-03-04,transmission,153716,1.7,208.19,2085.27,2293.46,denver,23.4,scheduled transmission
maint00001149,trk00051,2023-03-04,tire,491296,2.4,266.91,1947.95,2214.86,oklahoma city,16.3,routine tire
maint00001150,trk00031,2023-03-04,tire,138541,2.4,211.03,3255.04,3466.07,los angeles,14.6,emergency tire
maint00001151,trk00117,2023-03-04,engine,369719,1.0,107.68,2047.18,2154.86,philadelphia,7.4,scheduled engine
maint00001152,trk00118,2023-03-04,engine,65000,5.9,581.97,2297.59,2879.56,miami,7.4,scheduled engine
maint00001153,trk00034,2023-03-05,preventive,655091,6.8,695.38,1743.39,2438.77,philadelphia,25.8,routine preventive
maint00001154,trk00011,2023-03-05,preventive,535318,4.4,492.99,3224.33,3717.32,atlanta,21.8,routine preventive
maint00001155,trk00088,2023-03-06,preventive,96839,3.0,341.15,2090.57,2431.72,seattle,31.0,scheduled preventive
maint00001156,trk00099,2023-03-06,transmission,696008,5.1,630.48,1029.42,1659.9,oklahoma city,35.5,scheduled transmission
maint00001157,trk00030,2023-03-06,brake,560729,6.2,701.45,1153.11,1854.56,atlanta,44.8,scheduled brake
maint00001158,trk00084,2023-03-06,inspection,110208,2.2,195.47,16.32,211.79,dallas,13.3,routine inspection
maint00001159,trk00110,2023-03-06,preventive,472473,0.7,76.37,3190.31,3266.68,milwaukee,19.3,scheduled preventive
maint00001160,trk00041,2023-03-07,brake,359337,3.6,406.52,1709.89,2116.41,phoenix,40.1,emergency brake
maint00001161,trk00065,2023-03-07,engine,617561,3.0,293.99,3051.35,3345.34,omaha,15.4,scheduled engine
maint00001162,trk00077,2023-03-08,transmission,622142,3.8,323.11,3129.24,3452.35,phoenix,36.4,emergency transmission
maint00001163,trk00061,2023-03-08,preventive,202299,0.5,49.73,2674.1,2723.83,miami,29.1,emergency preventive
maint00001164,trk00014,2023-03-08,engine,627493,1.3,117.92,520.57,638.49,kansas city,12.4,routine engine
maint00001165,trk00004,2023-03-08,repair,630298,2.3,250.62,178.29,428.91,phoenix,46.1,scheduled repair
maint00001166,trk00054,2023-03-09,inspection,91281,4.3,468.31,144.66,612.97,new york,47.5,scheduled inspection
maint00001167,trk00002,2023-03-09,inspection,502652,0.8,98.94,96.43,195.37,charlotte,33.4,routine inspection
maint00001168,trk00097,2023-03-09,tire,438635,5.3,558.66,1272.87,1831.53,oklahoma city,23.1,scheduled tire
maint00001169,trk00081,2023-03-10,engine,100038,2.5,217.65,2633.63,2851.28,indianapolis,27.7,emergency engine
maint00001170,trk00079,2023-03-10,repair,201996,2.8,313.66,129.21,442.87,memphis,38.7,routine repair
maint00001171,trk00080,2023-03-10,transmission,378939,1.8,182.8,1830.83,2013.63,houston,3.9,emergency transmission
maint00001172,trk00034,2023-03-11,inspection,517172,5.4,592.62,58.51,651.13,kansas city,24.9,routine inspection
maint00001173,trk00074,2023-03-11,repair,631377,1.3,148.56,2100.64,2249.2,indianapolis,17.7,emergency repair
maint00001174,trk00015,2023-03-12,preventive,557237,3.2,299.59,1407.65,1707.24,detroit,12.0,scheduled preventive
maint00001175,trk00058,2023-03-12,brake,510391,6.6,717.72,2020.59,2738.31,columbus,10.8,scheduled brake
maint00001176,trk00050,2023-03-12,inspection,705094,5.2,471.96,80.61,552.57,houston,20.5,emergency inspection
maint00001177,trk00074,2023-03-12,preventive,241927,2.4,287.2,280.5,567.7,phoenix,27.0,scheduled preventive
maint00001178,trk00027,2023-03-13,inspection,513041,1.2,145.78,79.53,225.31,seattle,3.1,scheduled inspection
maint00001179,trk00029,2023-03-13,preventive,379378,7.5,753.27,2739.65,3492.92,memphis,4.2,routine preventive
maint00001180,trk00053,2023-03-13,engine,644355,3.9,472.23,1635.44,2107.67,philadelphia,47.1,scheduled engine
maint00001181,trk00029,2023-03-13,transmission,69371,4.8,457.12,1209.02,1666.14,atlanta,29.8,scheduled transmission
maint00001182,trk00025,2023-03-14,preventive,131032,3.3,320.41,268.29,588.7,omaha,5.2,emergency preventive
maint00001183,trk00046,2023-03-14,transmission,741793,7.4,776.34,547.97,1324.31,miami,47.6,routine transmission
maint00001184,trk00102,2023-03-14,brake,558669,5.6,536.4,3096.07,3632.47,denver,22.4,emergency brake
maint00001185,trk00116,2023-03-14,engine,149698,5.9,582.06,1645.09,2227.15,chicago,24.6,routine engine
maint00001186,trk00116,2023-03-15,transmission,602197,3.7,371.42,1304.52,1675.94,columbus,45.3,emergency transmission
maint00001187,trk00091,2023-03-15,brake,356517,1.8,186.12,944.64,1130.76,phoenix,38.2,routine brake
maint00001188,trk00031,2023-03-15,engine,407633,6.0,737.08,558.48,1295.56,atlanta,18.8,scheduled engine
maint00001189,trk00082,2023-03-16,repair,683091,2.7,253.2,2571.79,2824.99,seattle,47.9,emergency repair
maint00001190,trk00042,2023-03-17,preventive,680048,2.0,184.68,3045.08,3229.76,nashville,14.4,scheduled preventive
maint00001191,trk00120,2023-03-17,brake,59705,1.0,119.26,1830.96,1950.22,omaha,36.5,routine brake
maint00001192,trk00071,2023-03-17,transmission,632894,5.2,569.37,2691.59,3260.96,chicago,8.8,routine transmission
maint00001193,trk00073,2023-03-17,preventive,692206,5.6,547.85,810.96,1358.81,kansas city,13.7,routine preventive
maint00001194,trk00088,2023-03-18,repair,406658,6.3,696.59,2749.65,3446.24,philadelphia,31.6,scheduled repair
maint00001195,trk00105,2023-03-18,engine,369025,2.7,313.56,2062.97,2376.53,oklahoma city,28.3,routine engine
maint00001196,trk00034,2023-03-18,transmission,50527,4.4,501.62,1997.57,2499.19,seattle,39.1,routine transmission
maint00001197,trk00095,2023-03-18,engine,340791,7.8,893.19,1274.99,2168.18,nashville,17.7,routine engine
maint00001198,trk00115,2023-03-19,engine,544982,1.9,204.85,2971.37,3176.22,detroit,40.8,emergency engine
maint00001199,trk00103,2023-03-19,engine,75668,0.8,82.76,3110.53,3193.29,columbus,38.2,emergency engine
maint00001200,trk00018,2023-03-19,inspection,634574,7.3,822.74,32.1,854.84,charlotte,27.7,scheduled inspection
maint00001201,trk00110,2023-03-19,inspection,202536,3.9,349.97,131.47,481.44,indianapolis,33.2,routine inspection
maint00001202,trk00046,2023-03-19,tire,516144,1.8,220.11,2684.02,2904.13,seattle,28.4,routine tire
maint00001203,trk00014,2023-03-20,repair,266481,4.8,505.49,1627.87,2133.36,los angeles,46.4,emergency repair
maint00001204,trk00065,2023-03-21,tire,96439,2.9,292.67,2507.17,2799.84,kansas city,18.9,scheduled tire
maint00001205,trk00014,2023-03-21,transmission,600820,7.6,803.28,754.82,1558.1,minneapolis,26.7,scheduled transmission
maint00001206,trk00089,2023-03-22,tire,396353,3.3,291.46,553.19,844.65,kansas city,36.6,emergency tire
maint00001207,trk00037,2023-03-22,repair,410027,1.4,137.56,1929.23,2066.79,denver,34.3,scheduled repair
maint00001208,trk00030,2023-03-22,brake,344441,1.8,209.38,1090.34,1299.72,indianapolis,12.1,scheduled brake
maint00001209,trk00002,2023-03-23,inspection,316159,5.4,475.39,61.21,536.6,phoenix,18.6,emergency inspection
maint00001210,trk00067,2023-03-23,engine,596973,1.8,159.53,1077.45,1236.98,columbus,7.1,routine engine
maint00001211,trk00060,2023-03-24,tire,442764,4.2,492.92,781.85,1274.77,atlanta,3.7,scheduled tire
maint00001212,trk00003,2023-03-25,repair,611612,5.4,628.87,254.19,883.06,chicago,43.8,routine repair
maint00001213,trk00115,2023-03-26,repair,554835,7.1,670.88,1911.38,2582.26,los angeles,35.6,scheduled repair
maint00001214,trk00109,2023-03-26,repair,236004,3.8,379.08,73.9,452.98,milwaukee,39.7,emergency repair
maint00001215,trk00085,2023-03-26,transmission,684899,5.4,480.14,248.34,728.48,philadelphia,15.4,routine transmission
maint00001216,trk00005,2023-03-27,transmission,465542,2.9,337.19,1036.57,1373.76,minneapolis,33.3,routine transmission
maint00001217,trk00106,2023-03-27,inspection,478453,1.9,233.95,9.21,243.16,memphis,44.7,emergency inspection
maint00001218,trk00107,2023-03-27,inspection,595879,7.1,714.36,85.36,799.72,memphis,12.1,emergency inspection
maint00001219,trk00046,2023-03-28,brake,639571,4.8,525.21,2165.12,2690.33,seattle,26.0,scheduled brake
maint00001220,trk00049,2023-03-28,preventive,715834,5.2,623.93,2074.35,2698.28,indianapolis,47.6,emergency preventive
maint00001221,trk00021,2023-03-28,brake,238592,4.5,419.71,603.77,1023.48,houston,42.9,scheduled brake
maint00001222,trk00120,2023-03-29,tire,80378,1.1,112.18,1435.49,1547.67,minneapolis,24.3,routine tire
maint00001223,trk00039,2023-03-29,transmission,243180,1.0,120.38,359.01,479.39,columbus,18.4,routine transmission
maint00001224,trk00055,2023-03-29,brake,420921,3.8,473.46,3079.22,3552.68,atlanta,22.8,emergency brake
maint00001225,trk00017,2023-03-29,brake,217192,6.9,747.62,3362.72,4110.34,houston,47.3,routine brake
maint00001226,trk00028,2023-03-30,repair,416986,5.5,502.58,3039.05,3541.63,miami,23.3,routine repair
maint00001227,trk00015,2023-03-30,inspection,178287,4.8,421.48,99.5,520.98,omaha,38.6,scheduled inspection
maint00001228,trk00016,2023-03-31,transmission,704350,1.1,123.98,734.34,858.32,columbus,35.8,scheduled transmission
maint00001229,trk00045,2023-03-31,preventive,177607,5.4,571.65,2753.06,3324.71,philadelphia,40.0,scheduled preventive
maint00001230,trk00074,2023-03-31,preventive,178605,7.0,795.46,2447.58,3243.04,denver,47.2,routine preventive
maint00001231,trk00073,2023-03-31,engine,63708,2.2,235.45,1640.55,1876.0,charlotte,12.9,routine engine
maint00001232,trk00005,2023-03-31,engine,556870,3.3,385.32,1133.33,1518.65,atlanta,2.4,emergency engine
maint00001233,trk00020,2023-04-01,transmission,602813,3.0,348.23,2209.47,2557.7,omaha,33.6,routine transmission
maint00001234,trk00090,2023-04-01,tire,712701,2.2,212.09,671.85,883.94,houston,40.5,routine tire
maint00001235,trk00046,2023-04-02,engine,81418,5.2,516.15,2173.58,2689.73,chicago,4.0,scheduled engine
maint00001236,trk00061,2023-04-02,preventive,612492,1.9,181.91,68.91,250.82,los angeles,29.7,routine preventive
maint00001237,trk00024,2023-04-02,preventive,424203,5.3,648.87,2292.49,2941.36,houston,37.0,scheduled preventive
maint00001238,trk00068,2023-04-02,engine,599434,0.8,74.08,1986.72,2060.8,philadelphia,45.2,emergency engine
maint00001239,trk00023,2023-04-03,brake,436411,7.5,838.2,1168.87,2007.07,memphis,47.9,emergency brake
maint00001240,trk00023,2023-04-04,engine,522734,7.8,806.6,1647.01,2453.61,los angeles,47.1,routine engine
maint00001241,trk00066,2023-04-04,brake,708631,1.3,118.18,1120.66,1238.84,columbus,15.5,emergency brake
maint00001242,trk00026,2023-04-04,tire,494543,4.5,510.14,1260.39,1770.53,seattle,14.3,routine tire
maint00001243,trk00089,2023-04-05,tire,366339,7.5,697.16,2390.96,3088.12,milwaukee,37.6,scheduled tire
maint00001244,trk00001,2023-04-06,repair,524249,1.5,149.74,3344.94,3494.68,denver,41.2,routine repair
maint00001245,trk00002,2023-04-07,repair,81487,0.9,107.74,873.08,980.82,milwaukee,33.4,scheduled repair
maint00001246,trk00043,2023-04-07,transmission,145845,5.9,599.88,2809.64,3409.52,indianapolis,12.0,routine transmission
maint00001247,trk00065,2023-04-08,transmission,314245,3.7,432.46,3387.57,3820.03,houston,41.5,routine transmission
maint00001248,trk00112,2023-04-08,tire,578604,5.0,457.86,728.94,1186.8,minneapolis,41.5,emergency tire
maint00001249,trk00003,2023-04-09,brake,367431,7.3,768.5,2871.45,3639.95,atlanta,35.4,scheduled brake
maint00001250,trk00108,2023-04-12,preventive,250665,7.0,686.57,1945.74,2632.31,dallas,17.8,scheduled preventive
maint00001251,trk00057,2023-04-13,engine,732106,6.2,618.45,2246.6,2865.05,atlanta,42.4,emergency engine
maint00001252,trk00115,2023-04-13,brake,187497,7.8,772.95,3008.23,3781.18,chicago,30.2,emergency brake
maint00001253,trk00009,2023-04-13,brake,301094,2.9,283.5,3225.37,3508.87,kansas city,4.0,routine brake
maint00001254,trk00060,2023-04-13,preventive,529594,2.3,196.34,590.82,787.16,denver,42.6,scheduled preventive
maint00001255,trk00038,2023-04-13,repair,553468,5.8,662.69,3318.01,3980.7,los angeles,21.8,scheduled repair
maint00001256,trk00058,2023-04-14,transmission,77485,6.3,726.63,2042.58,2769.21,nashville,2.9,routine transmission
maint00001257,trk00069,2023-04-14,brake,611572,3.7,406.7,2866.25,3272.95,detroit,5.4,routine brake
maint00001258,trk00093,2023-04-14,brake,710841,6.3,557.76,3378.69,3936.45,philadelphia,40.0,routine brake
maint00001259,trk00044,2023-04-15,preventive,242575,2.6,274.84,1159.09,1433.93,phoenix,28.9,routine preventive
maint00001260,trk00103,2023-04-15,brake,230381,2.8,313.58,144.91,458.49,minneapolis,13.1,routine brake
maint00001261,trk00072,2023-04-15,engine,148213,1.4,127.71,2712.75,2840.46,oklahoma city,33.8,routine engine
maint00001262,trk00001,2023-04-16,inspection,563699,6.9,752.28,70.27,822.55,houston,9.5,emergency inspection
maint00001263,trk00018,2023-04-16,repair,622656,7.8,687.23,2850.97,3538.2,dallas,41.1,scheduled repair
maint00001264,trk00107,2023-04-16,tire,295606,2.0,190.05,1126.86,1316.91,dallas,2.0,routine tire
maint00001265,trk00047,2023-04-17,preventive,194862,6.8,672.87,2617.97,3290.84,oklahoma city,13.4,routine preventive
maint00001266,trk00109,2023-04-17,engine,444120,4.2,406.72,1792.8,2199.52,memphis,6.4,routine engine
maint00001267,trk00068,2023-04-17,brake,722839,4.3,465.72,593.53,1059.25,oklahoma city,22.7,routine brake
maint00001268,trk00004,2023-04-18,transmission,652336,1.0,111.04,2345.2,2456.24,milwaukee,24.0,routine transmission
maint00001269,trk00091,2023-04-18,engine,691263,2.7,334.83,2872.87,3207.7,kansas city,7.0,emergency engine
maint00001270,trk00071,2023-04-18,inspection,704163,7.4,771.47,73.65,845.12,portland,10.3,emergency inspection
maint00001271,trk00012,2023-04-18,inspection,366254,5.8,556.51,111.06,667.57,portland,18.5,scheduled inspection
maint00001272,trk00062,2023-04-18,tire,426736,7.3,906.16,2053.73,2959.89,miami,5.5,routine tire
maint00001273,trk00003,2023-04-18,inspection,748064,3.6,360.75,49.74,410.49,salt lake city,45.2,emergency inspection
maint00001274,trk00020,2023-04-18,preventive,161834,6.5,610.1,2949.1,3559.2,oklahoma city,34.5,scheduled preventive
maint00001275,trk00059,2023-04-19,preventive,462310,1.4,149.75,70.28,220.03,new york,42.0,scheduled preventive
maint00001276,trk00007,2023-04-19,inspection,445377,3.7,368.43,105.0,473.43,portland,14.1,emergency inspection
maint00001277,trk00101,2023-04-19,brake,95599,4.2,383.4,472.31,855.71,omaha,2.6,routine brake
maint00001278,trk00092,2023-04-19,engine,565361,6.6,677.33,104.91,782.24,los angeles,11.0,scheduled engine
maint00001279,trk00032,2023-04-20,transmission,236733,7.9,757.43,1223.69,1981.12,portland,6.1,emergency transmission
maint00001280,trk00088,2023-04-20,brake,562539,4.6,463.56,2949.15,3412.71,oklahoma city,36.4,emergency brake
maint00001281,trk00005,2023-04-20,preventive,572829,7.4,912.31,1755.17,2667.48,philadelphia,15.9,scheduled preventive
maint00001282,trk00087,2023-04-21,brake,94244,4.5,398.77,1295.61,1694.38,new york,46.7,routine brake
maint00001283,trk00108,2023-04-21,transmission,383608,2.7,277.1,2234.57,2511.67,indianapolis,4.7,emergency transmission
maint00001284,trk00044,2023-04-21,inspection,731200,5.4,614.95,100.19,715.14,dallas,40.1,emergency inspection
maint00001285,trk00107,2023-04-21,repair,460335,4.0,352.0,1667.19,2019.19,columbus,36.4,emergency repair
maint00001286,trk00080,2023-04-22,repair,719983,1.9,162.44,1029.06,1191.5,portland,15.5,routine repair
maint00001287,trk00037,2023-04-22,engine,251821,1.4,155.88,3128.09,3283.97,phoenix,11.1,emergency engine
maint00001288,trk00046,2023-04-23,engine,201680,2.0,172.92,140.0,312.92,nashville,45.4,routine engine
maint00001289,trk00033,2023-04-23,inspection,324388,7.4,679.18,139.78,818.96,seattle,35.0,emergency inspection
maint00001290,trk00079,2023-04-24,inspection,545915,1.4,171.47,73.59,245.06,detroit,38.4,scheduled inspection
maint00001291,trk00042,2023-04-24,transmission,200793,4.7,474.32,890.09,1364.41,nashville,24.6,scheduled transmission
maint00001292,trk00060,2023-04-24,repair,174676,4.6,555.13,705.02,1260.15,charlotte,34.2,scheduled repair
maint00001293,trk00093,2023-04-25,brake,534341,4.9,587.96,1922.03,2509.99,kansas city,8.6,emergency brake
maint00001294,trk00030,2023-04-26,tire,82038,1.6,170.3,2648.18,2818.48,kansas city,38.9,scheduled tire
maint00001295,trk00030,2023-04-27,transmission,642133,3.1,348.96,1648.33,1997.29,milwaukee,43.0,scheduled transmission
maint00001296,trk00010,2023-04-27,preventive,62387,4.9,434.03,2067.66,2501.69,houston,26.7,routine preventive
maint00001297,trk00006,2023-04-27,repair,449204,8.0,728.17,1144.3,1872.47,dallas,12.1,scheduled repair
maint00001298,trk00001,2023-04-27,preventive,540731,3.9,429.81,1528.55,1958.36,dallas,47.3,scheduled preventive
maint00001299,trk00054,2023-04-27,preventive,573703,1.1,137.02,2650.32,2787.34,milwaukee,33.9,emergency preventive
maint00001300,trk00061,2023-04-28,transmission,154641,5.6,496.4,1348.54,1844.94,dallas,10.6,routine transmission
maint00001301,trk00105,2023-04-28,preventive,253490,1.5,159.72,1178.18,1337.9,detroit,39.3,routine preventive
maint00001302,trk00090,2023-04-28,tire,659619,6.0,655.49,2749.12,3404.61,philadelphia,4.9,routine tire
maint00001303,trk00040,2023-04-28,tire,147111,7.9,723.08,1322.5,2045.58,los angeles,31.8,scheduled tire
maint00001304,trk00102,2023-04-28,transmission,358120,4.4,486.3,764.91,1251.21,memphis,45.5,scheduled transmission
maint00001305,trk00105,2023-04-28,repair,332607,6.0,571.91,140.53,712.44,los angeles,39.1,scheduled repair
maint00001306,trk00084,2023-04-29,brake,719908,1.5,185.85,2247.5,2433.35,portland,47.6,scheduled brake
maint00001307,trk00024,2023-04-29,transmission,251089,3.7,377.1,886.02,1263.12,milwaukee,14.6,scheduled transmission
maint00001308,trk00028,2023-04-29,engine,450982,7.7,946.84,2571.52,3518.36,memphis,26.0,routine engine
maint00001309,trk00062,2023-04-29,brake,723247,5.7,565.27,1228.15,1793.42,milwaukee,45.4,emergency brake
maint00001310,trk00081,2023-04-29,inspection,611005,6.6,567.61,56.09,623.7,philadelphia,17.9,scheduled inspection
maint00001311,trk00010,2023-04-30,brake,99439,5.6,673.14,3481.66,4154.8,detroit,20.7,emergency brake
maint00001312,trk00099,2023-04-30,transmission,713065,4.1,397.19,565.46,962.65,philadelphia,44.5,emergency transmission
maint00001313,trk00054,2023-05-01,repair,404835,2.0,212.48,382.67,595.15,dallas,10.3,emergency repair
maint00001314,trk00013,2023-05-01,brake,228674,7.6,673.8,3299.76,3973.56,salt lake city,40.4,emergency brake
maint00001315,trk00027,2023-05-01,inspection,653139,6.2,599.59,135.64,735.23,oklahoma city,4.4,scheduled inspection
maint00001316,trk00067,2023-05-01,transmission,746023,2.8,242.09,2135.03,2377.12,new york,46.2,routine transmission
maint00001317,trk00031,2023-05-01,tire,589267,3.0,275.07,1175.88,1450.95,new york,39.7,routine tire
maint00001318,trk00075,2023-05-01,tire,132999,2.4,207.0,3472.22,3679.22,miami,35.5,emergency tire
maint00001319,trk00081,2023-05-02,transmission,406897,7.4,852.11,536.72,1388.83,charlotte,24.3,scheduled transmission
maint00001320,trk00069,2023-05-02,inspection,697462,8.0,851.1,146.07,997.17,houston,5.6,routine inspection
maint00001321,trk00078,2023-05-02,transmission,487269,6.8,645.69,1099.64,1745.33,atlanta,32.3,routine transmission
maint00001322,trk00049,2023-05-02,inspection,334617,2.6,299.38,12.06,311.44,new york,18.4,scheduled inspection
maint00001323,trk00055,2023-05-03,transmission,493359,6.6,643.26,2400.43,3043.69,los angeles,24.6,emergency transmission
maint00001324,trk00026,2023-05-03,inspection,599197,7.2,618.21,128.44,746.65,columbus,25.4,emergency inspection
maint00001325,trk00032,2023-05-03,preventive,571454,3.7,443.91,2278.28,2722.19,oklahoma city,35.6,scheduled preventive
maint00001326,trk00007,2023-05-03,inspection,610076,5.9,552.88,101.62,654.5,oklahoma city,13.5,scheduled inspection
maint00001327,trk00017,2023-05-03,transmission,321093,7.3,722.82,2632.0,3354.82,houston,8.5,scheduled transmission
maint00001328,trk00086,2023-05-03,tire,328049,7.7,858.12,3042.88,3901.0,nashville,7.7,emergency tire
maint00001329,trk00109,2023-05-04,transmission,458124,5.8,606.94,506.68,1113.62,dallas,3.3,scheduled transmission
maint00001330,trk00085,2023-05-04,inspection,285136,2.4,230.43,100.99,331.42,minneapolis,24.9,routine inspection
maint00001331,trk00034,2023-05-04,preventive,286166,2.5,226.25,3104.27,3330.52,chicago,5.6,scheduled preventive
maint00001332,trk00029,2023-05-05,engine,152918,3.6,449.12,362.78,811.9,nashville,23.8,routine engine
maint00001333,trk00109,2023-05-05,repair,658170,2.0,228.53,2269.96,2498.49,miami,23.2,emergency repair
maint00001334,trk00083,2023-05-05,preventive,501379,3.6,359.26,2214.36,2573.62,columbus,47.5,scheduled preventive
maint00001335,trk00088,2023-05-05,engine,78915,1.6,138.23,3031.26,3169.49,houston,12.3,scheduled engine
maint00001336,trk00005,2023-05-06,tire,289158,3.9,453.44,1388.36,1841.8,philadelphia,18.3,routine tire
maint00001337,trk00064,2023-05-06,inspection,407769,1.1,131.53,53.48,185.01,las vegas,43.3,routine inspection
maint00001338,trk00003,2023-05-06,transmission,697764,2.4,242.68,3080.28,3322.96,kansas city,43.4,emergency transmission
maint00001339,trk00056,2023-05-07,preventive,206564,5.3,596.08,3320.95,3917.03,atlanta,18.4,emergency preventive
maint00001340,trk00027,2023-05-07,brake,327115,3.2,364.42,739.15,1103.57,las vegas,34.9,emergency brake
maint00001341,trk00024,2023-05-07,inspection,699073,0.9,94.0,147.51,241.51,omaha,25.9,routine inspection
maint00001342,trk00101,2023-05-07,engine,237729,2.2,212.5,1779.39,1991.89,indianapolis,12.5,emergency engine
maint00001343,trk00026,2023-05-07,inspection,121351,5.0,436.18,92.37,528.55,kansas city,28.7,scheduled inspection
maint00001344,trk00082,2023-05-08,tire,692423,2.6,303.78,3206.27,3510.05,houston,10.8,scheduled tire
maint00001345,trk00003,2023-05-08,engine,394911,7.1,806.76,2706.28,3513.04,las vegas,23.9,emergency engine
maint00001346,trk00042,2023-05-08,transmission,334908,2.2,228.37,1451.63,1680.0,kansas city,7.4,emergency transmission
maint00001347,trk00063,2023-05-09,engine,698881,6.4,693.12,1544.76,2237.88,minneapolis,38.7,scheduled engine
maint00001348,trk00079,2023-05-09,transmission,424081,4.2,438.57,2196.26,2634.83,salt lake city,10.6,emergency transmission
maint00001349,trk00085,2023-05-09,inspection,640250,4.3,487.48,140.29,627.77,indianapolis,37.2,scheduled inspection
maint00001350,trk00117,2023-05-09,repair,235486,0.8,69.23,1877.21,1946.44,philadelphia,9.2,routine repair
maint00001351,trk00105,2023-05-09,transmission,151353,6.2,663.15,1590.72,2253.87,indianapolis,32.4,emergency transmission
maint00001352,trk00085,2023-05-09,tire,304440,5.3,632.82,312.15,944.97,indianapolis,23.2,scheduled tire
maint00001353,trk00026,2023-05-09,repair,139148,6.7,623.55,3451.6,4075.15,charlotte,24.8,routine repair
maint00001354,trk00051,2023-05-10,brake,56072,6.1,697.64,2497.03,3194.67,los angeles,25.6,scheduled brake
maint00001355,trk00096,2023-05-10,transmission,158611,4.5,457.16,1484.05,1941.21,minneapolis,18.1,routine transmission
maint00001356,trk00011,2023-05-10,inspection,427670,0.6,74.6,97.63,172.23,minneapolis,35.4,routine inspection
maint00001357,trk00059,2023-05-10,inspection,383857,1.7,148.9,61.72,210.62,chicago,26.9,routine inspection
maint00001358,trk00100,2023-05-11,engine,564419,1.8,176.58,803.89,980.47,houston,31.6,scheduled engine
maint00001359,trk00051,2023-05-12,transmission,324906,2.8,264.53,3115.7,3380.23,portland,15.1,emergency transmission
maint00001360,trk00034,2023-05-12,transmission,59233,1.8,160.9,253.47,414.37,minneapolis,18.9,routine transmission
maint00001361,trk00043,2023-05-12,transmission,653671,5.3,487.12,1668.56,2155.68,columbus,28.3,emergency transmission
maint00001362,trk00050,2023-05-12,transmission,666549,2.5,283.04,2527.03,2810.07,houston,26.6,routine transmission
maint00001363,trk00011,2023-05-13,transmission,479388,0.6,70.42,561.36,631.78,seattle,23.3,routine transmission
maint00001364,trk00003,2023-05-13,engine,467066,3.7,314.99,3193.64,3508.63,memphis,41.2,routine engine
maint00001365,trk00099,2023-05-13,transmission,120572,4.1,474.93,1581.44,2056.37,detroit,12.3,scheduled transmission
maint00001366,trk00096,2023-05-13,repair,241700,6.1,618.24,3236.73,3854.97,detroit,27.0,routine repair
maint00001367,trk00118,2023-05-13,brake,72796,4.1,411.58,1338.43,1750.01,seattle,25.4,emergency brake
maint00001368,trk00030,2023-05-14,engine,326809,4.3,537.28,1690.65,2227.93,atlanta,4.5,scheduled engine
maint00001369,trk00044,2023-05-14,inspection,612900,6.6,761.82,103.62,865.44,oklahoma city,16.5,emergency inspection
maint00001370,trk00022,2023-05-14,repair,133341,5.8,582.53,2669.56,3252.09,los angeles,23.4,emergency repair
maint00001371,trk00014,2023-05-16,tire,376143,3.4,382.25,2403.27,2785.52,las vegas,36.0,routine tire
maint00001372,trk00014,2023-05-16,brake,578941,6.4,740.74,1842.79,2583.53,portland,33.4,routine brake
maint00001373,trk00028,2023-05-17,preventive,239997,3.3,342.93,619.61,962.54,kansas city,47.1,emergency preventive
maint00001374,trk00101,2023-05-17,brake,288465,6.7,774.95,3254.09,4029.04,charlotte,33.6,scheduled brake
maint00001375,trk00081,2023-05-18,engine,697149,5.0,618.66,73.84,692.5,milwaukee,14.0,emergency engine
maint00001376,trk00060,2023-05-18,inspection,228760,1.9,195.98,147.43,343.41,miami,37.5,routine inspection
maint00001377,trk00112,2023-05-19,tire,650302,7.4,898.34,1870.29,2768.63,chicago,8.0,routine tire
maint00001378,trk00002,2023-05-19,brake,743460,4.8,490.74,2337.13,2827.87,columbus,14.2,scheduled brake
maint00001379,trk00075,2023-05-20,engine,742949,6.1,684.22,1167.63,1851.85,dallas,46.7,scheduled engine
maint00001380,trk00099,2023-05-20,transmission,682547,6.8,705.07,3220.98,3926.05,charlotte,17.3,emergency transmission
maint00001381,trk00094,2023-05-21,repair,490336,5.1,533.11,2403.69,2936.8,las vegas,39.6,emergency repair
maint00001382,trk00108,2023-05-22,brake,567704,4.7,415.31,1372.97,1788.28,las vegas,24.9,emergency brake
maint00001383,trk00040,2023-05-23,engine,542511,2.7,277.05,1380.17,1657.22,los angeles,37.2,routine engine
maint00001384,trk00084,2023-05-24,tire,91946,5.6,489.59,3485.52,3975.11,phoenix,12.1,routine tire
maint00001385,trk00008,2023-05-24,inspection,275558,5.1,514.75,73.4,588.15,detroit,16.5,emergency inspection
maint00001386,trk00013,2023-05-24,brake,173135,2.4,297.4,3023.97,3321.37,chicago,24.5,emergency brake
maint00001387,trk00089,2023-05-24,inspection,584988,2.6,245.55,6.89,252.44,nashville,40.5,emergency inspection
maint00001388,trk00064,2023-05-24,tire,718756,3.7,347.19,1877.35,2224.54,dallas,17.0,emergency tire
maint00001389,trk00105,2023-05-24,inspection,210372,5.3,523.4,103.14,626.54,minneapolis,28.4,scheduled inspection
maint00001390,trk00034,2023-05-25,preventive,715329,3.7,435.41,621.15,1056.56,denver,33.9,routine preventive
maint00001391,trk00071,2023-05-25,engine,85987,1.5,153.15,3408.77,3561.92,columbus,41.6,emergency engine
maint00001392,trk00057,2023-05-25,transmission,471521,2.7,288.03,1797.81,2085.84,seattle,36.5,scheduled transmission
maint00001393,trk00116,2023-05-26,preventive,345368,1.0,95.81,805.29,901.1,las vegas,7.9,emergency preventive
maint00001394,trk00033,2023-05-26,tire,626220,7.5,913.26,120.72,1033.98,new york,26.9,emergency tire
maint00001395,trk00090,2023-05-27,transmission,219059,4.7,587.26,695.73,1282.99,oklahoma city,21.6,emergency transmission
maint00001396,trk00053,2023-05-27,repair,697222,2.2,213.74,3433.09,3646.83,houston,41.1,routine repair
maint00001397,trk00071,2023-05-28,repair,697896,5.9,557.77,3345.76,3903.53,philadelphia,30.8,emergency repair
maint00001398,trk00049,2023-05-29,transmission,695217,2.5,306.64,2087.22,2393.86,phoenix,13.7,routine transmission
maint00001399,trk00093,2023-05-29,inspection,577440,1.0,99.58,149.29,248.87,indianapolis,17.2,scheduled inspection
maint00001400,trk00047,2023-05-29,preventive,114452,6.2,581.84,2173.04,2754.88,memphis,46.6,routine preventive
maint00001401,trk00084,2023-05-30,repair,693978,5.5,631.74,3077.5,3709.24,miami,42.9,routine repair
maint00001402,trk00114,2023-05-30,brake,247793,2.5,279.2,2725.37,3004.57,milwaukee,5.8,routine brake
maint00001403,trk00110,2023-05-30,inspection,278221,1.4,151.73,54.03,205.76,kansas city,19.3,routine inspection
maint00001404,trk00025,2023-05-30,brake,502226,2.6,239.9,1132.24,1372.14,detroit,21.8,emergency brake
maint00001405,trk00013,2023-05-31,inspection,554764,2.0,242.85,135.3,378.15,charlotte,32.5,emergency inspection
maint00001406,trk00015,2023-06-01,engine,315097,2.5,268.86,1919.81,2188.67,new york,26.4,routine engine
maint00001407,trk00093,2023-06-01,transmission,358167,1.4,120.51,1924.67,2045.18,omaha,41.9,routine transmission
maint00001408,trk00027,2023-06-02,preventive,586238,5.7,499.01,2768.63,3267.64,houston,28.3,scheduled preventive
maint00001409,trk00093,2023-06-02,inspection,440804,5.7,559.87,108.43,668.3,nashville,12.4,emergency inspection
maint00001410,trk00059,2023-06-03,engine,540887,5.1,545.79,514.1,1059.89,portland,31.2,scheduled engine
maint00001411,trk00016,2023-06-04,brake,534164,6.3,658.23,313.55,971.78,milwaukee,43.4,scheduled brake
maint00001412,trk00010,2023-06-04,inspection,233243,6.4,794.98,4.83,799.81,dallas,19.2,routine inspection
maint00001413,trk00080,2023-06-04,brake,61330,4.6,459.65,3374.1,3833.75,miami,30.0,routine brake
maint00001414,trk00101,2023-06-05,repair,582219,6.6,695.78,3019.8,3715.58,dallas,29.8,routine repair
maint00001415,trk00088,2023-06-05,tire,651199,6.4,761.51,2366.88,3128.39,dallas,22.7,emergency tire
maint00001416,trk00061,2023-06-05,repair,139524,4.9,591.34,669.42,1260.76,detroit,16.1,emergency repair
maint00001417,trk00039,2023-06-05,repair,600371,4.6,447.57,2847.12,3294.69,houston,14.5,scheduled repair
maint00001418,trk00078,2023-06-05,repair,52773,3.3,346.76,1909.16,2255.92,milwaukee,40.6,emergency repair
maint00001419,trk00023,2023-06-06,preventive,336801,7.8,805.47,3490.26,4295.73,omaha,15.9,routine preventive
maint00001420,trk00098,2023-06-06,tire,220417,3.0,338.55,2984.97,3323.52,memphis,3.4,emergency tire
maint00001421,trk00003,2023-06-06,tire,683501,1.7,173.41,1534.0,1707.41,miami,42.5,scheduled tire
maint00001422,trk00074,2023-06-06,inspection,198919,6.4,753.81,30.65,784.46,indianapolis,27.7,scheduled inspection
maint00001423,trk00067,2023-06-07,engine,450031,7.5,826.63,2627.03,3453.66,denver,14.0,scheduled engine
maint00001424,trk00062,2023-06-07,engine,372635,5.1,558.41,89.74,648.15,nashville,32.0,scheduled engine
maint00001425,trk00112,2023-06-08,preventive,92478,4.7,585.26,692.39,1277.65,portland,8.2,routine preventive
maint00001426,trk00062,2023-06-08,tire,340537,4.5,426.85,2257.03,2683.88,portland,41.9,routine tire
maint00001427,trk00059,2023-06-08,transmission,341363,3.6,443.9,1581.39,2025.29,portland,24.0,scheduled transmission
maint00001428,trk00016,2023-06-09,engine,593477,3.2,314.17,753.37,1067.54,philadelphia,4.5,emergency engine
maint00001429,trk00077,2023-06-09,brake,175976,5.7,670.91,2608.96,3279.87,salt lake city,35.7,emergency brake
maint00001430,trk00026,2023-06-09,brake,724142,6.2,677.2,3085.55,3762.75,new york,29.0,routine brake
maint00001431,trk00118,2023-06-10,brake,609593,3.8,444.25,640.83,1085.08,denver,25.9,scheduled brake
maint00001432,trk00024,2023-06-11,transmission,381764,0.6,51.87,732.34,784.21,portland,44.2,scheduled transmission
maint00001433,trk00030,2023-06-11,transmission,372813,4.9,564.77,1544.03,2108.8,seattle,8.7,routine transmission
maint00001434,trk00042,2023-06-11,repair,739774,7.0,793.82,1238.57,2032.39,atlanta,41.0,routine repair
maint00001435,trk00118,2023-06-11,engine,650232,6.2,754.61,482.78,1237.39,detroit,18.0,emergency engine
maint00001436,trk00004,2023-06-13,engine,615894,2.1,185.1,2231.02,2416.12,nashville,3.4,routine engine
maint00001437,trk00032,2023-06-13,engine,299580,2.6,248.04,1253.09,1501.13,miami,4.2,routine engine
maint00001438,trk00100,2023-06-13,preventive,604144,7.2,770.34,2427.1,3197.44,oklahoma city,39.3,emergency preventive
maint00001439,trk00007,2023-06-13,tire,168340,5.3,451.03,766.71,1217.74,denver,22.3,scheduled tire
maint00001440,trk00071,2023-06-13,preventive,268084,6.1,568.44,2077.07,2645.51,atlanta,16.0,routine preventive
maint00001441,trk00111,2023-06-14,repair,666572,4.8,582.9,2248.04,2830.94,houston,21.7,emergency repair
maint00001442,trk00106,2023-06-15,brake,257085,4.8,593.0,3404.89,3997.89,houston,25.9,routine brake
maint00001443,trk00043,2023-06-15,transmission,616681,6.7,751.62,3352.82,4104.44,detroit,18.8,emergency transmission
maint00001444,trk00033,2023-06-15,engine,632299,2.4,276.8,1295.98,1572.78,columbus,46.4,scheduled engine
maint00001445,trk00043,2023-06-15,preventive,644199,2.9,305.86,3193.5,3499.36,portland,22.7,scheduled preventive
maint00001446,trk00068,2023-06-15,transmission,641466,4.8,433.08,2677.5,3110.58,philadelphia,35.1,scheduled transmission
maint00001447,trk00040,2023-06-16,engine,156638,6.0,551.41,1443.08,1994.49,houston,40.7,routine engine
maint00001448,trk00114,2023-06-16,inspection,307310,6.6,810.71,136.35,947.06,omaha,44.7,routine inspection
maint00001449,trk00051,2023-06-16,brake,145258,3.5,376.75,1118.07,1494.82,dallas,19.4,scheduled brake
maint00001450,trk00071,2023-06-17,preventive,635100,0.5,50.85,3354.71,3405.56,minneapolis,5.3,emergency preventive
maint00001451,trk00008,2023-06-18,inspection,462356,1.2,137.25,99.34,236.59,houston,40.1,emergency inspection
maint00001452,trk00009,2023-06-19,preventive,503440,6.6,660.85,738.69,1399.54,indianapolis,11.5,routine preventive
maint00001453,trk00085,2023-06-20,repair,336281,5.3,613.49,3374.66,3988.15,columbus,8.9,emergency repair
maint00001454,trk00006,2023-06-20,engine,416016,4.6,438.95,825.15,1264.1,memphis,18.2,scheduled engine
maint00001455,trk00118,2023-06-20,preventive,285393,5.9,565.06,3480.11,4045.17,columbus,6.1,emergency preventive
maint00001456,trk00106,2023-06-20,transmission,650510,7.7,717.15,3192.81,3909.96,atlanta,41.3,scheduled transmission
maint00001457,trk00085,2023-06-22,repair,279360,7.5,872.19,2966.07,3838.26,detroit,40.8,routine repair
maint00001458,trk00118,2023-06-22,transmission,240496,5.7,620.42,1461.58,2082.0,salt lake city,10.7,emergency transmission
maint00001459,trk00005,2023-06-22,brake,621868,1.3,148.77,2818.48,2967.25,omaha,43.1,emergency brake
maint00001460,trk00037,2023-06-22,tire,287274,4.2,448.72,3025.07,3473.79,las vegas,41.2,routine tire
maint00001461,trk00031,2023-06-23,transmission,219232,1.4,138.37,3224.9,3363.27,las vegas,41.4,routine transmission
maint00001462,trk00012,2023-06-23,tire,253882,5.0,495.84,2886.58,3382.42,seattle,9.3,scheduled tire
maint00001463,trk00014,2023-06-23,transmission,305984,5.2,457.42,3444.75,3902.17,indianapolis,14.1,emergency transmission
maint00001464,trk00049,2023-06-23,engine,324815,6.2,688.48,2472.69,3161.17,milwaukee,2.3,scheduled engine
maint00001465,trk00040,2023-06-23,preventive,128390,5.8,536.41,3204.62,3741.03,oklahoma city,10.3,routine preventive
maint00001466,trk00034,2023-06-24,inspection,575208,5.6,663.95,64.17,728.12,chicago,3.1,routine inspection
maint00001467,trk00058,2023-06-25,repair,218898,1.8,221.75,324.3,546.05,atlanta,3.2,emergency repair
maint00001468,trk00080,2023-06-25,transmission,530743,0.9,82.16,3489.27,3571.43,charlotte,33.9,routine transmission
maint00001469,trk00005,2023-06-26,inspection,642752,7.4,864.49,114.83,979.32,charlotte,7.7,emergency inspection
maint00001470,trk00087,2023-06-27,brake,518634,3.0,348.2,824.73,1172.93,los angeles,15.5,emergency brake
maint00001471,trk00061,2023-06-27,inspection,360685,4.5,532.94,141.63,674.57,dallas,11.1,scheduled inspection
maint00001472,trk00017,2023-06-27,transmission,169359,7.7,670.4,2330.23,3000.63,detroit,35.4,scheduled transmission
maint00001473,trk00086,2023-06-28,brake,65091,7.3,702.68,2950.91,3653.59,houston,45.0,routine brake
maint00001474,trk00014,2023-06-28,engine,200426,6.5,779.33,3184.36,3963.69,dallas,14.2,routine engine
maint00001475,trk00024,2023-06-28,transmission,185322,1.3,114.36,1900.51,2014.87,seattle,46.6,scheduled transmission
maint00001476,trk00021,2023-06-28,transmission,58533,4.7,433.54,2979.48,3413.02,omaha,38.3,scheduled transmission
maint00001477,trk00105,2023-06-28,inspection,193068,6.8,608.11,125.66,733.77,los angeles,11.5,routine inspection
maint00001478,trk00035,2023-06-28,brake,358441,6.8,615.62,3257.22,3872.84,nashville,19.9,emergency brake
maint00001479,trk00086,2023-06-29,brake,94751,1.3,119.49,3167.19,3286.68,oklahoma city,17.1,emergency brake
maint00001480,trk00018,2023-06-29,tire,349114,4.4,440.22,1355.39,1795.61,phoenix,16.7,routine tire
maint00001481,trk00101,2023-06-29,preventive,367918,4.9,459.38,1000.26,1459.64,detroit,20.8,emergency preventive
maint00001482,trk00059,2023-06-29,tire,324486,6.7,745.69,2587.66,3333.35,milwaukee,18.0,routine tire
maint00001483,trk00017,2023-06-29,repair,661903,2.7,330.16,3104.87,3435.03,oklahoma city,9.4,emergency repair
maint00001484,trk00009,2023-06-30,repair,140967,6.9,821.83,3203.48,4025.31,denver,45.1,routine repair
maint00001485,trk00095,2023-07-01,engine,287786,7.7,888.39,174.56,1062.95,detroit,11.0,emergency engine
maint00001486,trk00058,2023-07-01,inspection,474905,1.3,144.6,93.41,238.01,detroit,13.5,routine inspection
maint00001487,trk00104,2023-07-01,transmission,226606,2.7,327.87,727.49,1055.36,philadelphia,24.1,routine transmission
maint00001488,trk00053,2023-07-01,repair,617578,2.8,329.89,2011.68,2341.57,omaha,38.9,emergency repair
maint00001489,trk00105,2023-07-02,repair,650076,1.0,89.15,1468.89,1558.04,nashville,19.7,emergency repair
maint00001490,trk00102,2023-07-02,transmission,607851,3.3,300.62,1554.04,1854.66,new york,28.0,emergency transmission
maint00001491,trk00011,2023-07-02,engine,690809,2.0,178.62,2669.77,2848.39,atlanta,15.5,routine engine
maint00001492,trk00049,2023-07-02,inspection,182768,4.2,501.53,99.03,600.56,chicago,9.2,emergency inspection
maint00001493,trk00093,2023-07-03,preventive,724064,3.1,340.2,3137.41,3477.61,memphis,16.9,emergency preventive
maint00001494,trk00072,2023-07-03,brake,584936,7.1,886.49,880.04,1766.53,new york,37.7,routine brake
maint00001495,trk00013,2023-07-04,transmission,441954,1.1,111.82,1575.33,1687.15,memphis,35.5,routine transmission
maint00001496,trk00076,2023-07-05,engine,232342,2.6,245.03,932.34,1177.37,memphis,47.9,scheduled engine
maint00001497,trk00075,2023-07-05,tire,327148,5.3,525.07,2103.04,2628.11,detroit,30.0,emergency tire
maint00001498,trk00006,2023-07-05,preventive,423731,2.7,232.8,3131.46,3364.26,los angeles,41.5,emergency preventive
maint00001499,trk00120,2023-07-05,repair,729367,1.5,147.12,861.55,1008.67,miami,12.8,scheduled repair
maint00001500,trk00084,2023-07-05,transmission,612895,7.0,806.97,2572.16,3379.13,phoenix,7.7,routine transmission
maint00001501,trk00014,2023-07-05,preventive,537372,2.5,273.41,1364.75,1638.16,houston,30.6,scheduled preventive
maint00001502,trk00012,2023-07-05,inspection,738430,2.9,293.99,101.58,395.57,dallas,30.1,scheduled inspection
maint00001503,trk00010,2023-07-06,transmission,538523,6.7,802.66,1592.07,2394.73,detroit,3.4,routine transmission
maint00001504,trk00059,2023-07-06,tire,94289,3.2,307.39,1375.58,1682.97,los angeles,28.5,emergency tire
maint00001505,trk00111,2023-07-06,repair,493643,7.8,694.09,3083.35,3777.44,chicago,23.3,scheduled repair
maint00001506,trk00066,2023-07-06,preventive,497214,4.9,432.82,3228.88,3661.7,charlotte,47.4,emergency preventive
maint00001507,trk00108,2023-07-06,repair,145342,2.6,256.1,3033.33,3289.43,dallas,11.0,scheduled repair
maint00001508,trk00033,2023-07-07,transmission,362325,4.1,461.39,3288.26,3749.65,memphis,20.0,scheduled transmission
maint00001509,trk00074,2023-07-07,engine,177377,6.6,747.62,1208.95,1956.57,detroit,21.8,scheduled engine
maint00001510,trk00091,2023-07-07,repair,51536,5.4,648.26,2370.69,3018.95,dallas,27.4,emergency repair
maint00001511,trk00019,2023-07-07,preventive,643454,1.6,145.51,3067.1,3212.61,kansas city,29.5,routine preventive
maint00001512,trk00057,2023-07-08,tire,239698,1.3,130.32,808.06,938.38,houston,47.2,scheduled tire
maint00001513,trk00036,2023-07-08,transmission,520383,2.0,212.15,1832.15,2044.3,atlanta,14.1,scheduled transmission
maint00001514,trk00028,2023-07-08,transmission,738127,6.1,747.53,508.35,1255.88,philadelphia,9.7,scheduled transmission
maint00001515,trk00047,2023-07-09,engine,731793,6.4,576.97,85.03,662.0,columbus,37.5,emergency engine
maint00001516,trk00002,2023-07-09,engine,551423,6.9,756.4,1265.33,2021.73,houston,38.0,routine engine
maint00001517,trk00026,2023-07-09,brake,371897,3.9,404.19,1535.81,1940.0,atlanta,31.9,scheduled brake
maint00001518,trk00103,2023-07-10,transmission,438176,2.3,260.47,1661.98,1922.45,philadelphia,38.5,emergency transmission
maint00001519,trk00091,2023-07-11,preventive,491279,1.9,189.89,3125.4,3315.29,kansas city,37.6,emergency preventive
maint00001520,trk00104,2023-07-11,brake,353399,5.2,486.54,365.02,851.56,columbus,8.1,scheduled brake
maint00001521,trk00053,2023-07-11,brake,297102,5.2,471.68,2888.83,3360.51,omaha,12.0,emergency brake
maint00001522,trk00061,2023-07-11,transmission,512940,5.2,590.88,289.96,880.84,nashville,17.1,routine transmission
maint00001523,trk00028,2023-07-12,preventive,277480,4.5,450.8,2309.99,2760.79,memphis,8.8,emergency preventive
maint00001524,trk00041,2023-07-12,repair,110599,5.5,580.92,2637.23,3218.15,detroit,26.8,emergency repair
maint00001525,trk00065,2023-07-13,preventive,76193,3.1,314.36,1648.17,1962.53,nashville,10.6,scheduled preventive
maint00001526,trk00053,2023-07-13,inspection,84018,4.0,341.3,101.7,443.0,columbus,7.4,scheduled inspection
maint00001527,trk00085,2023-07-13,inspection,101507,6.3,611.81,2.54,614.35,phoenix,41.4,routine inspection
maint00001528,trk00052,2023-07-14,preventive,393782,6.9,712.17,2802.76,3514.93,portland,21.4,routine preventive
maint00001529,trk00018,2023-07-15,repair,466031,2.1,223.14,972.1,1195.24,charlotte,32.2,scheduled repair
maint00001530,trk00064,2023-07-15,engine,619877,6.2,594.58,121.56,716.14,indianapolis,19.6,scheduled engine
maint00001531,trk00018,2023-07-15,repair,563500,0.6,58.03,1335.12,1393.15,milwaukee,47.0,scheduled repair
maint00001532,trk00026,2023-07-15,inspection,70380,1.3,124.81,50.87,175.68,philadelphia,41.6,routine inspection
maint00001533,trk00018,2023-07-16,inspection,659529,6.3,642.96,77.99,720.95,kansas city,42.4,emergency inspection
maint00001534,trk00106,2023-07-16,inspection,264007,0.5,54.37,63.94,118.31,chicago,35.0,scheduled inspection
maint00001535,trk00001,2023-07-16,preventive,638198,1.7,154.11,2636.7,2790.81,philadelphia,43.5,scheduled preventive
maint00001536,trk00105,2023-07-17,inspection,545564,4.0,481.88,103.07,584.95,salt lake city,32.0,emergency inspection
maint00001537,trk00037,2023-07-18,transmission,507590,5.3,505.93,3138.09,3644.02,nashville,26.9,scheduled transmission
maint00001538,trk00055,2023-07-18,brake,322901,1.9,228.67,1366.17,1594.84,omaha,17.3,emergency brake
maint00001539,trk00002,2023-07-19,tire,279248,6.3,587.06,1094.02,1681.08,atlanta,30.3,emergency tire
maint00001540,trk00022,2023-07-19,inspection,87500,3.0,255.93,147.46,403.39,philadelphia,34.4,emergency inspection
maint00001541,trk00056,2023-07-20,brake,616394,7.2,669.21,257.33,926.54,kansas city,14.2,emergency brake
maint00001542,trk00038,2023-07-20,engine,728611,4.1,427.96,3150.24,3578.2,seattle,4.4,emergency engine
maint00001543,trk00013,2023-07-21,inspection,494570,1.9,193.24,19.28,212.52,atlanta,16.4,scheduled inspection
maint00001544,trk00039,2023-07-22,brake,589844,6.8,587.76,1865.91,2453.67,nashville,15.7,emergency brake
maint00001545,trk00078,2023-07-22,brake,497626,5.5,552.57,2362.93,2915.5,detroit,28.6,scheduled brake
maint00001546,trk00073,2023-07-23,tire,145772,2.5,261.77,374.71,636.48,omaha,37.6,routine tire
maint00001547,trk00087,2023-07-23,tire,291806,4.5,444.98,952.94,1397.92,denver,8.0,emergency tire
maint00001548,trk00118,2023-07-24,preventive,721095,5.1,610.94,156.07,767.01,nashville,24.5,scheduled preventive
maint00001549,trk00060,2023-07-25,tire,649343,5.9,689.69,1478.69,2168.38,milwaukee,25.4,scheduled tire
maint00001550,trk00059,2023-07-25,inspection,684202,1.0,116.07,127.2,243.27,philadelphia,39.2,scheduled inspection
maint00001551,trk00085,2023-07-25,inspection,621641,6.6,589.51,75.48,664.99,los angeles,30.9,emergency inspection
maint00001552,trk00040,2023-07-26,preventive,469714,2.9,253.9,3235.49,3489.39,miami,15.9,scheduled preventive
maint00001553,trk00001,2023-07-26,repair,253165,4.4,417.78,2785.51,3203.29,new york,44.1,emergency repair
maint00001554,trk00001,2023-07-26,engine,746955,6.6,604.48,1134.11,1738.59,kansas city,20.8,routine engine
maint00001555,trk00057,2023-07-26,engine,118942,5.6,676.79,2969.64,3646.43,miami,27.1,routine engine
maint00001556,trk00038,2023-07-27,transmission,718155,2.5,249.62,437.46,687.08,chicago,6.4,scheduled transmission
maint00001557,trk00119,2023-07-27,transmission,169752,1.9,214.29,1905.88,2120.17,new york,10.0,routine transmission
maint00001558,trk00108,2023-07-28,transmission,313609,2.4,278.22,1346.97,1625.19,philadelphia,18.9,emergency transmission
maint00001559,trk00050,2023-07-28,preventive,490673,5.9,593.08,2349.29,2942.37,houston,14.6,scheduled preventive
maint00001560,trk00020,2023-07-29,tire,581003,2.9,252.31,1251.75,1504.06,indianapolis,37.0,scheduled tire
maint00001561,trk00039,2023-07-29,brake,649405,1.3,148.45,2190.58,2339.03,chicago,15.7,emergency brake
maint00001562,trk00037,2023-07-29,inspection,571619,7.2,714.11,55.07,769.18,nashville,17.5,scheduled inspection
maint00001563,trk00022,2023-07-30,preventive,244425,1.6,176.04,399.23,575.27,dallas,24.2,scheduled preventive
maint00001564,trk00048,2023-07-30,brake,725854,1.2,105.82,3420.91,3526.73,milwaukee,14.0,scheduled brake
maint00001565,trk00042,2023-07-31,engine,146071,6.4,784.01,141.79,925.8,dallas,37.1,scheduled engine
maint00001566,trk00044,2023-08-01,engine,468950,2.8,262.04,2395.47,2657.51,milwaukee,26.3,routine engine
maint00001567,trk00081,2023-08-01,brake,356602,4.0,391.08,161.54,552.62,salt lake city,12.5,emergency brake
maint00001568,trk00039,2023-08-01,preventive,278224,6.6,568.12,1793.38,2361.5,atlanta,11.6,scheduled preventive
maint00001569,trk00039,2023-08-02,tire,249770,6.0,674.39,1782.63,2457.02,indianapolis,2.6,scheduled tire
maint00001570,trk00009,2023-08-02,tire,670062,2.8,291.81,962.51,1254.32,nashville,18.9,scheduled tire
maint00001571,trk00032,2023-08-02,engine,78621,1.7,187.05,1213.71,1400.76,milwaukee,45.1,routine engine
maint00001572,trk00107,2023-08-03,repair,550137,6.1,599.28,2748.16,3347.44,oklahoma city,11.2,routine repair
maint00001573,trk00115,2023-08-03,brake,524731,7.0,722.72,2364.67,3087.39,chicago,29.0,routine brake
maint00001574,trk00057,2023-08-03,brake,562828,5.4,664.9,2568.29,3233.19,nashville,44.6,scheduled brake
maint00001575,trk00094,2023-08-03,preventive,152022,4.0,422.53,1613.84,2036.37,portland,3.4,emergency preventive
maint00001576,trk00069,2023-08-04,tire,130531,1.4,163.74,1011.53,1175.27,atlanta,32.1,emergency tire
maint00001577,trk00084,2023-08-05,brake,316684,7.5,710.05,314.04,1024.09,houston,41.5,routine brake
maint00001578,trk00104,2023-08-05,engine,418582,5.9,649.1,1174.93,1824.03,phoenix,7.0,routine engine
maint00001579,trk00087,2023-08-06,repair,164229,5.4,608.03,3368.46,3976.49,kansas city,24.7,scheduled repair
maint00001580,trk00034,2023-08-06,preventive,366665,3.4,329.2,2498.28,2827.48,milwaukee,8.6,emergency preventive
maint00001581,trk00116,2023-08-07,preventive,460845,2.1,205.73,287.01,492.74,new york,4.0,routine preventive
maint00001582,trk00108,2023-08-07,tire,384715,7.5,846.24,1549.67,2395.91,charlotte,37.5,routine tire
maint00001583,trk00069,2023-08-08,engine,158022,1.6,161.53,2478.25,2639.78,indianapolis,36.0,routine engine
maint00001584,trk00012,2023-08-09,transmission,540936,6.2,745.51,1550.59,2296.1,memphis,22.4,scheduled transmission
maint00001585,trk00087,2023-08-09,brake,174893,6.8,829.3,813.75,1643.05,seattle,2.2,routine brake
maint00001586,trk00111,2023-08-09,engine,151737,2.1,257.24,531.97,789.21,miami,40.1,routine engine
maint00001587,trk00051,2023-08-10,brake,647331,0.6,65.37,1123.18,1188.55,omaha,21.2,routine brake
maint00001588,trk00033,2023-08-10,brake,285300,1.6,173.06,2015.74,2188.8,chicago,12.0,emergency brake
maint00001589,trk00108,2023-08-10,repair,746382,5.0,485.8,1958.71,2444.51,los angeles,37.7,scheduled repair
maint00001590,trk00060,2023-08-11,preventive,509526,0.8,96.53,805.07,901.6,kansas city,6.3,routine preventive
maint00001591,trk00002,2023-08-11,preventive,461572,6.8,692.57,2455.76,3148.33,las vegas,38.2,routine preventive
maint00001592,trk00029,2023-08-12,repair,216461,3.6,359.85,2142.55,2502.4,houston,3.5,emergency repair
maint00001593,trk00005,2023-08-13,preventive,172297,5.5,513.69,2845.51,3359.2,memphis,18.6,scheduled preventive
maint00001594,trk00010,2023-08-13,repair,177124,4.0,385.04,1127.6,1512.64,philadelphia,30.4,scheduled repair
maint00001595,trk00005,2023-08-13,preventive,590785,1.3,134.31,2607.09,2741.4,dallas,25.4,routine preventive
maint00001596,trk00118,2023-08-13,preventive,648331,5.3,495.31,587.47,1082.78,minneapolis,21.1,routine preventive
maint00001597,trk00052,2023-08-14,inspection,112493,3.6,419.89,88.03,507.92,atlanta,46.5,routine inspection
maint00001598,trk00120,2023-08-14,brake,515081,4.6,528.43,1226.72,1755.15,milwaukee,2.3,emergency brake
maint00001599,trk00076,2023-08-15,inspection,475631,4.4,528.57,56.16,584.73,los angeles,42.1,emergency inspection
maint00001600,trk00081,2023-08-15,transmission,328676,6.2,551.65,3383.42,3935.07,omaha,33.3,scheduled transmission
maint00001601,trk00013,2023-08-15,engine,642208,7.4,673.85,2151.35,2825.2,phoenix,38.4,routine engine
maint00001602,trk00059,2023-08-16,preventive,194864,3.8,389.33,1999.64,2388.97,milwaukee,9.3,routine preventive
maint00001603,trk00093,2023-08-16,engine,731842,3.1,305.11,727.42,1032.53,houston,32.6,emergency engine
maint00001604,trk00058,2023-08-16,engine,114886,1.1,120.07,3035.91,3155.98,houston,15.3,scheduled engine
maint00001605,trk00003,2023-08-16,tire,220033,1.8,218.7,2299.42,2518.12,salt lake city,44.9,routine tire
maint00001606,trk00051,2023-08-16,tire,413796,7.9,976.87,2090.88,3067.75,salt lake city,46.5,scheduled tire
maint00001607,trk00028,2023-08-16,tire,509411,7.0,786.56,2018.44,2805.0,los angeles,22.8,scheduled tire
maint00001608,trk00112,2023-08-16,tire,87728,6.9,847.8,2429.48,3277.28,seattle,33.0,routine tire
maint00001609,trk00033,2023-08-17,inspection,334637,2.4,288.71,12.39,301.1,denver,46.5,emergency inspection
maint00001610,trk00014,2023-08-18,repair,729684,6.9,854.54,629.2,1483.74,columbus,31.7,emergency repair
maint00001611,trk00039,2023-08-18,preventive,64859,1.6,172.87,2404.55,2577.42,seattle,19.6,scheduled preventive
maint00001612,trk00098,2023-08-18,tire,622186,3.8,455.81,2470.62,2926.43,milwaukee,41.7,routine tire
maint00001613,trk00047,2023-08-18,engine,210750,4.2,390.87,558.42,949.29,denver,20.9,routine engine
maint00001614,trk00031,2023-08-18,engine,567667,5.9,680.05,1057.57,1737.62,milwaukee,20.5,routine engine
maint00001615,trk00003,2023-08-19,tire,134233,4.2,446.37,3380.9,3827.27,houston,14.2,routine tire
maint00001616,trk00082,2023-08-19,engine,614452,1.3,152.73,339.16,491.89,las vegas,11.8,emergency engine
maint00001617,trk00077,2023-08-20,transmission,104910,6.3,685.45,1151.82,1837.27,new york,5.4,scheduled transmission
maint00001618,trk00003,2023-08-20,tire,213642,6.2,744.15,2531.91,3276.06,miami,37.6,emergency tire
maint00001619,trk00063,2023-08-20,engine,713548,5.7,645.62,2632.17,3277.79,omaha,36.6,emergency engine
maint00001620,trk00119,2023-08-21,transmission,529177,4.1,468.8,322.93,791.73,houston,21.6,routine transmission
maint00001621,trk00025,2023-08-21,tire,94110,3.0,309.29,2588.08,2897.37,charlotte,24.9,scheduled tire
maint00001622,trk00118,2023-08-21,tire,258502,2.7,308.78,619.49,928.27,miami,22.9,emergency tire
maint00001623,trk00071,2023-08-21,inspection,389838,5.7,711.61,130.63,842.24,oklahoma city,2.4,routine inspection
maint00001624,trk00053,2023-08-22,brake,436266,7.0,784.88,542.74,1327.62,las vegas,11.3,scheduled brake
maint00001625,trk00019,2023-08-22,engine,442532,4.4,548.18,370.62,918.8,dallas,28.8,emergency engine
maint00001626,trk00050,2023-08-23,preventive,607990,6.7,723.05,2679.9,3402.95,seattle,39.5,scheduled preventive
maint00001627,trk00023,2023-08-23,tire,701555,1.8,187.31,227.89,415.2,miami,13.1,routine tire
maint00001628,trk00051,2023-08-24,inspection,81383,5.7,536.55,109.01,645.56,phoenix,6.9,routine inspection
maint00001629,trk00056,2023-08-24,transmission,266820,7.0,624.55,3304.91,3929.46,omaha,18.5,scheduled transmission
maint00001630,trk00011,2023-08-24,transmission,227840,6.3,623.5,1010.47,1633.97,kansas city,33.8,scheduled transmission
maint00001631,trk00112,2023-08-25,brake,306417,4.2,391.8,987.92,1379.72,omaha,37.3,routine brake
maint00001632,trk00022,2023-08-25,inspection,486097,6.4,617.1,31.83,648.93,columbus,42.8,scheduled inspection
maint00001633,trk00090,2023-08-26,inspection,371420,3.2,379.2,108.35,487.55,milwaukee,8.6,emergency inspection
maint00001634,trk00007,2023-08-26,inspection,268415,5.2,621.18,139.94,761.12,minneapolis,18.3,scheduled inspection
maint00001635,trk00006,2023-08-26,transmission,92261,7.5,755.55,182.3,937.85,charlotte,6.5,routine transmission
maint00001636,trk00099,2023-08-26,tire,716578,7.6,681.96,1828.92,2510.88,oklahoma city,5.6,scheduled tire
maint00001637,trk00057,2023-08-26,tire,272125,6.3,659.29,1438.38,2097.67,nashville,35.9,routine tire
maint00001638,trk00001,2023-08-26,preventive,482107,7.1,722.52,2054.91,2777.43,kansas city,46.4,scheduled preventive
maint00001639,trk00118,2023-08-26,tire,134036,3.3,299.36,2171.25,2470.61,los angeles,47.0,routine tire
maint00001640,trk00083,2023-08-27,brake,389040,0.7,80.75,2028.86,2109.61,kansas city,7.2,emergency brake
maint00001641,trk00017,2023-08-27,repair,652440,5.8,701.8,1271.71,1973.51,seattle,2.3,routine repair
maint00001642,trk00020,2023-08-28,transmission,685671,4.8,434.94,243.47,678.41,nashville,24.2,scheduled transmission
maint00001643,trk00091,2023-08-28,tire,560957,8.0,963.98,2271.39,3235.37,philadelphia,35.4,scheduled tire
maint00001644,trk00044,2023-08-28,preventive,551291,4.6,544.78,348.44,893.22,los angeles,17.9,emergency preventive
maint00001645,trk00112,2023-08-28,tire,312067,5.0,529.63,920.27,1449.9,nashville,10.6,scheduled tire
maint00001646,trk00007,2023-08-29,preventive,92017,6.8,825.99,379.38,1205.37,oklahoma city,2.0,routine preventive
maint00001647,trk00005,2023-08-29,brake,278203,7.4,839.93,1688.27,2528.2,memphis,23.9,scheduled brake
maint00001648,trk00010,2023-08-29,repair,472853,8.0,758.63,2720.59,3479.22,phoenix,18.6,emergency repair
maint00001649,trk00078,2023-08-29,engine,410699,6.1,758.93,1468.78,2227.71,columbus,10.9,emergency engine
maint00001650,trk00054,2023-08-30,transmission,138721,2.1,236.6,1801.76,2038.36,new york,14.3,emergency transmission
maint00001651,trk00110,2023-08-30,tire,381687,6.8,632.03,850.12,1482.15,indianapolis,24.6,scheduled tire
maint00001652,trk00002,2023-08-30,engine,712861,5.0,586.66,3022.2,3608.86,columbus,46.1,emergency engine
maint00001653,trk00046,2023-08-30,inspection,195672,8.0,809.83,80.11,889.94,las vegas,32.8,routine inspection
maint00001654,trk00066,2023-08-30,brake,497161,1.9,177.5,1531.32,1708.82,chicago,25.7,routine brake
maint00001655,trk00020,2023-08-31,tire,319007,1.3,146.26,759.77,906.03,indianapolis,35.5,routine tire
maint00001656,trk00053,2023-09-01,engine,467567,2.4,222.41,697.16,919.57,denver,23.8,routine engine
maint00001657,trk00087,2023-09-01,inspection,226008,2.1,186.67,130.44,317.11,los angeles,25.4,emergency inspection
maint00001658,trk00070,2023-09-02,brake,122340,5.7,709.35,3295.7,4005.05,denver,19.9,scheduled brake
maint00001659,trk00065,2023-09-02,inspection,545678,4.9,584.63,129.8,714.43,milwaukee,12.0,emergency inspection
maint00001660,trk00093,2023-09-02,transmission,172419,5.9,618.87,2448.27,3067.14,indianapolis,16.8,scheduled transmission
maint00001661,trk00099,2023-09-02,transmission,222475,1.4,149.03,746.47,895.5,atlanta,27.0,scheduled transmission
maint00001662,trk00032,2023-09-03,engine,596231,3.2,320.97,3429.62,3750.59,detroit,20.3,routine engine
maint00001663,trk00099,2023-09-04,engine,335990,5.8,584.41,1657.94,2242.35,dallas,37.9,scheduled engine
maint00001664,trk00059,2023-09-04,brake,152798,7.5,797.42,862.4,1659.82,columbus,2.3,scheduled brake
maint00001665,trk00108,2023-09-04,transmission,500987,4.4,436.43,1483.81,1920.24,oklahoma city,33.5,scheduled transmission
maint00001666,trk00044,2023-09-04,tire,335468,5.6,686.5,1134.62,1821.12,memphis,29.2,scheduled tire
maint00001667,trk00087,2023-09-04,inspection,93636,5.3,454.64,21.99,476.63,portland,14.4,scheduled inspection
maint00001668,trk00114,2023-09-05,engine,164581,1.9,218.75,617.64,836.39,minneapolis,9.1,emergency engine
maint00001669,trk00059,2023-09-05,brake,462934,1.7,174.14,658.36,832.5,denver,40.2,emergency brake
maint00001670,trk00006,2023-09-05,brake,604500,0.6,74.6,3221.14,3295.74,indianapolis,8.6,scheduled brake
maint00001671,trk00016,2023-09-06,inspection,134048,1.5,129.28,93.68,222.96,memphis,29.1,routine inspection
maint00001672,trk00044,2023-09-06,preventive,631154,3.5,300.56,2324.41,2624.97,houston,47.1,scheduled preventive
maint00001673,trk00032,2023-09-06,transmission,658584,5.9,593.07,3224.23,3817.3,nashville,38.0,emergency transmission
maint00001674,trk00041,2023-09-06,inspection,447000,3.9,387.2,66.22,453.42,portland,37.2,routine inspection
maint00001675,trk00008,2023-09-06,preventive,408209,2.6,236.72,1935.18,2171.9,miami,5.9,routine preventive
maint00001676,trk00020,2023-09-07,brake,574337,2.2,187.56,1422.28,1609.84,las vegas,38.5,scheduled brake
maint00001677,trk00104,2023-09-08,transmission,138194,5.4,584.93,165.19,750.12,chicago,7.6,scheduled transmission
maint00001678,trk00056,2023-09-08,tire,443130,4.1,472.6,2875.09,3347.69,milwaukee,23.7,scheduled tire
maint00001679,trk00102,2023-09-09,brake,222345,7.8,712.72,1580.67,2293.39,oklahoma city,36.9,scheduled brake
maint00001680,trk00053,2023-09-10,inspection,570281,3.3,411.59,110.28,521.87,oklahoma city,46.7,scheduled inspection
maint00001681,trk00026,2023-09-10,preventive,737729,0.6,71.69,2219.94,2291.63,memphis,41.5,routine preventive
maint00001682,trk00029,2023-09-11,preventive,78002,2.6,286.75,1703.29,1990.04,denver,27.7,scheduled preventive
maint00001683,trk00079,2023-09-11,inspection,300616,5.8,599.27,24.0,623.27,omaha,21.7,scheduled inspection
maint00001684,trk00033,2023-09-11,engine,101829,2.6,222.68,2804.45,3027.13,omaha,14.3,scheduled engine
maint00001685,trk00043,2023-09-12,engine,195203,5.9,623.93,1580.11,2204.04,salt lake city,39.0,scheduled engine
maint00001686,trk00051,2023-09-12,repair,194711,2.8,275.91,786.67,1062.58,milwaukee,21.6,scheduled repair
maint00001687,trk00091,2023-09-14,engine,620987,7.7,809.26,2777.16,3586.42,miami,28.0,routine engine
maint00001688,trk00093,2023-09-15,inspection,738819,4.3,425.86,52.06,477.92,phoenix,12.2,routine inspection
maint00001689,trk00001,2023-09-15,preventive,581099,5.4,544.76,3306.88,3851.64,denver,3.3,scheduled preventive
maint00001690,trk00100,2023-09-16,engine,80284,1.1,111.51,2122.73,2234.24,chicago,18.5,scheduled engine
maint00001691,trk00026,2023-09-16,engine,511480,7.3,675.09,1469.11,2144.2,charlotte,13.2,emergency engine
maint00001692,trk00118,2023-09-16,transmission,642439,1.2,125.16,528.15,653.31,houston,38.0,scheduled transmission
maint00001693,trk00011,2023-09-16,transmission,735527,3.5,418.14,2139.71,2557.85,denver,40.1,routine transmission
maint00001694,trk00114,2023-09-17,engine,471642,4.5,513.39,2284.99,2798.38,miami,11.1,routine engine
maint00001695,trk00014,2023-09-18,engine,620239,1.9,197.2,1175.66,1372.86,oklahoma city,32.4,scheduled engine
maint00001696,trk00073,2023-09-18,transmission,599472,3.4,320.38,1779.65,2100.03,houston,45.6,scheduled transmission
maint00001697,trk00116,2023-09-18,inspection,123449,1.7,173.3,80.54,253.84,new york,46.3,emergency inspection
maint00001698,trk00002,2023-09-18,inspection,559003,7.3,738.0,113.23,851.23,portland,42.5,scheduled inspection
maint00001699,trk00095,2023-09-18,transmission,263150,7.0,667.75,3326.9,3994.65,oklahoma city,4.1,routine transmission
maint00001700,trk00102,2023-09-19,engine,179372,2.6,318.2,700.29,1018.49,chicago,44.1,emergency engine
maint00001701,trk00080,2023-09-20,repair,340520,3.0,317.92,2555.33,2873.25,minneapolis,28.9,scheduled repair
maint00001702,trk00011,2023-09-20,brake,463453,2.8,251.49,1173.2,1424.69,detroit,10.6,scheduled brake
maint00001703,trk00100,2023-09-20,repair,167058,4.8,461.75,1951.54,2413.29,indianapolis,15.1,emergency repair
maint00001704,trk00108,2023-09-21,preventive,98093,1.7,155.69,2492.91,2648.6,milwaukee,4.5,scheduled preventive
maint00001705,trk00042,2023-09-21,tire,625876,4.7,451.95,289.47,741.42,detroit,2.0,routine tire
maint00001706,trk00099,2023-09-21,tire,397326,1.7,210.0,3200.12,3410.12,atlanta,13.2,scheduled tire
maint00001707,trk00053,2023-09-21,transmission,496681,3.0,361.31,907.42,1268.73,nashville,13.7,routine transmission
maint00001708,trk00108,2023-09-22,brake,168446,7.7,705.79,665.1,1370.89,salt lake city,26.2,emergency brake
maint00001709,trk00090,2023-09-23,tire,256639,4.9,460.87,376.61,837.48,oklahoma city,44.4,emergency tire
maint00001710,trk00044,2023-09-23,engine,143223,5.9,663.44,667.04,1330.48,los angeles,30.1,scheduled engine
maint00001711,trk00067,2023-09-23,engine,532664,4.8,423.17,2883.5,3306.67,minneapolis,17.4,routine engine
maint00001712,trk00110,2023-09-23,transmission,475595,3.5,361.79,660.66,1022.45,salt lake city,27.1,emergency transmission
maint00001713,trk00061,2023-09-24,repair,695186,6.6,685.02,2882.99,3568.01,memphis,16.7,routine repair
maint00001714,trk00033,2023-09-24,transmission,350314,5.5,635.69,3291.44,3927.13,portland,2.5,routine transmission
maint00001715,trk00029,2023-09-24,preventive,269858,4.6,515.91,3498.61,4014.52,columbus,28.7,scheduled preventive
maint00001716,trk00103,2023-09-25,brake,638141,1.6,187.66,1267.63,1455.29,philadelphia,25.2,routine brake
maint00001717,trk00078,2023-09-27,inspection,171672,6.4,579.02,88.16,667.18,houston,15.4,emergency inspection
maint00001718,trk00119,2023-09-28,repair,659132,2.8,292.42,645.76,938.18,columbus,40.4,scheduled repair
maint00001719,trk00082,2023-09-28,engine,440063,7.2,637.6,633.62,1271.22,dallas,42.2,scheduled engine
maint00001720,trk00041,2023-09-28,tire,529402,5.7,591.39,3455.66,4047.05,indianapolis,21.9,emergency tire
maint00001721,trk00101,2023-09-28,engine,728367,6.7,805.1,277.48,1082.58,denver,21.6,routine engine
maint00001722,trk00034,2023-09-28,brake,337751,4.6,499.46,834.55,1334.01,nashville,3.4,scheduled brake
maint00001723,trk00002,2023-09-29,repair,622645,4.1,386.76,1913.85,2300.61,seattle,26.1,emergency repair
maint00001724,trk00096,2023-09-29,brake,718249,2.5,273.17,213.12,486.29,las vegas,14.2,scheduled brake
maint00001725,trk00042,2023-09-29,engine,436707,2.8,323.18,1655.61,1978.79,indianapolis,21.9,emergency engine
maint00001726,trk00092,2023-09-29,transmission,556091,1.9,167.92,1994.12,2162.04,charlotte,38.6,scheduled transmission
maint00001727,trk00085,2023-09-30,inspection,566286,5.6,572.1,55.56,627.66,dallas,23.3,routine inspection
maint00001728,trk00081,2023-09-30,preventive,668705,4.5,557.31,2876.26,3433.57,columbus,21.8,emergency preventive
maint00001729,trk00005,2023-10-01,engine,523201,7.0,623.06,1571.03,2194.09,indianapolis,37.5,routine engine
maint00001730,trk00026,2023-10-01,transmission,252900,7.6,668.55,1171.45,1840.0,los angeles,20.9,scheduled transmission
maint00001731,trk00116,2023-10-01,transmission,483403,0.7,80.43,3056.32,3136.75,atlanta,24.1,emergency transmission
maint00001732,trk00072,2023-10-01,repair,739562,1.4,169.23,1307.15,1476.38,las vegas,2.7,routine repair
maint00001733,trk00016,2023-10-01,preventive,270004,0.8,84.56,3336.69,3421.25,milwaukee,26.7,scheduled preventive
maint00001734,trk00053,2023-10-03,repair,385220,3.8,420.66,3277.04,3697.7,charlotte,4.6,scheduled repair
maint00001735,trk00044,2023-10-03,inspection,470393,0.8,70.23,66.99,137.22,kansas city,45.1,routine inspection
maint00001736,trk00065,2023-10-03,preventive,591079,1.0,124.62,1933.85,2058.47,dallas,22.0,emergency preventive
maint00001737,trk00072,2023-10-04,inspection,412023,5.6,606.6,3.46,610.06,omaha,34.1,scheduled inspection
maint00001738,trk00065,2023-10-04,brake,486725,7.9,793.37,605.47,1398.84,denver,21.1,emergency brake
maint00001739,trk00030,2023-10-04,inspection,253397,2.7,236.17,27.57,263.74,miami,2.4,routine inspection
maint00001740,trk00027,2023-10-04,engine,500242,2.4,280.42,2405.12,2685.54,memphis,9.1,emergency engine
maint00001741,trk00030,2023-10-04,brake,165408,1.9,162.41,887.78,1050.19,seattle,10.5,routine brake
maint00001742,trk00004,2023-10-04,brake,492862,4.7,408.25,3189.26,3597.51,phoenix,45.5,routine brake
maint00001743,trk00116,2023-10-04,repair,738774,1.8,157.28,2150.38,2307.66,minneapolis,17.0,routine repair
maint00001744,trk00068,2023-10-05,brake,325357,4.1,400.62,504.81,905.43,milwaukee,24.5,emergency brake
maint00001745,trk00096,2023-10-06,inspection,600956,3.8,432.49,40.03,472.52,dallas,2.5,scheduled inspection
maint00001746,trk00012,2023-10-07,transmission,646512,7.5,646.64,1063.0,1709.64,omaha,8.0,routine transmission
maint00001747,trk00081,2023-10-07,transmission,135881,5.3,621.07,3244.19,3865.26,new york,3.1,routine transmission
maint00001748,trk00052,2023-10-07,repair,127124,2.9,331.74,1000.29,1332.03,seattle,34.7,emergency repair
maint00001749,trk00055,2023-10-07,inspection,103189,6.7,717.71,117.47,835.18,omaha,3.7,routine inspection
maint00001750,trk00046,2023-10-08,transmission,254532,2.2,261.47,543.41,804.88,portland,29.7,routine transmission
maint00001751,trk00056,2023-10-09,repair,421525,2.3,270.74,2667.38,2938.12,los angeles,32.4,routine repair
maint00001752,trk00073,2023-10-09,tire,490531,6.8,765.75,235.82,1001.57,denver,25.8,scheduled tire
maint00001753,trk00018,2023-10-09,inspection,728987,6.7,598.79,128.8,727.59,memphis,29.4,routine inspection
maint00001754,trk00004,2023-10-09,transmission,192078,1.6,157.86,467.61,625.47,indianapolis,2.0,emergency transmission
maint00001755,trk00071,2023-10-10,engine,398207,1.4,123.44,1488.52,1611.96,philadelphia,18.8,scheduled engine
maint00001756,trk00104,2023-10-10,transmission,623946,0.8,69.78,2201.53,2271.31,memphis,9.3,routine transmission
maint00001757,trk00114,2023-10-10,brake,507866,7.6,916.91,2966.4,3883.31,minneapolis,43.0,scheduled brake
maint00001758,trk00082,2023-10-10,inspection,578684,2.5,304.26,145.47,449.73,miami,17.6,scheduled inspection
maint00001759,trk00101,2023-10-10,brake,530178,3.8,421.27,2812.86,3234.13,salt lake city,20.4,scheduled brake
maint00001760,trk00096,2023-10-10,inspection,232851,3.0,313.4,53.03,366.43,phoenix,32.3,emergency inspection
maint00001761,trk00106,2023-10-10,repair,673391,6.3,738.08,380.0,1118.08,chicago,30.1,emergency repair
maint00001762,trk00073,2023-10-10,inspection,534657,2.2,220.82,68.52,289.34,milwaukee,27.5,routine inspection
maint00001763,trk00106,2023-10-14,brake,690771,5.1,450.92,2215.82,2666.74,chicago,19.2,routine brake
maint00001764,trk00078,2023-10-15,inspection,53781,3.3,303.88,145.0,448.88,denver,42.6,emergency inspection
maint00001765,trk00110,2023-10-15,preventive,123302,4.4,534.12,91.63,625.75,portland,13.7,scheduled preventive
maint00001766,trk00064,2023-10-15,preventive,80876,6.1,664.29,743.6,1407.89,philadelphia,26.3,emergency preventive
maint00001767,trk00027,2023-10-16,repair,363186,1.2,140.35,2123.23,2263.58,phoenix,15.6,routine repair
maint00001768,trk00007,2023-10-16,engine,60163,0.9,78.75,1128.75,1207.5,oklahoma city,17.3,scheduled engine
maint00001769,trk00057,2023-10-16,engine,333645,2.5,256.37,3355.58,3611.95,milwaukee,35.6,scheduled engine
maint00001770,trk00029,2023-10-17,tire,652896,5.5,587.81,1252.28,1840.09,chicago,38.4,emergency tire
maint00001771,trk00025,2023-10-17,transmission,693062,4.4,393.56,979.57,1373.13,milwaukee,28.2,emergency transmission
maint00001772,trk00112,2023-10-17,repair,576306,2.3,236.44,1913.96,2150.4,chicago,8.8,scheduled repair
maint00001773,trk00086,2023-10-17,preventive,746010,4.9,495.49,297.14,792.63,denver,30.6,emergency preventive
maint00001774,trk00006,2023-10-17,preventive,472334,7.0,821.22,3125.04,3946.26,las vegas,37.3,emergency preventive
maint00001775,trk00111,2023-10-17,transmission,589276,4.2,504.88,851.74,1356.62,atlanta,46.3,emergency transmission
maint00001776,trk00078,2023-10-17,inspection,187497,3.2,334.73,1.76,336.49,dallas,45.9,routine inspection
maint00001777,trk00111,2023-10-17,preventive,259355,7.8,743.32,1958.73,2702.05,chicago,40.8,emergency preventive
maint00001778,trk00046,2023-10-18,transmission,601985,1.2,110.08,1355.52,1465.6,atlanta,34.2,emergency transmission
maint00001779,trk00108,2023-10-18,brake,495208,5.7,543.98,1220.8,1764.78,seattle,47.5,emergency brake
maint00001780,trk00055,2023-10-18,inspection,179240,6.1,741.26,115.87,857.13,atlanta,5.1,scheduled inspection
maint00001781,trk00108,2023-10-18,engine,485042,4.5,506.85,313.92,820.77,minneapolis,6.3,emergency engine
maint00001782,trk00095,2023-10-19,transmission,438045,6.3,677.34,313.2,990.54,los angeles,43.5,emergency transmission
maint00001783,trk00025,2023-10-19,repair,698742,5.2,591.24,2839.32,3430.56,philadelphia,30.8,routine repair
maint00001784,trk00050,2023-10-20,preventive,681576,5.1,596.07,2447.56,3043.63,seattle,27.5,emergency preventive
maint00001785,trk00076,2023-10-20,tire,671274,4.6,491.7,184.42,676.12,kansas city,6.9,routine tire
maint00001786,trk00092,2023-10-20,preventive,86801,7.2,750.95,2569.4,3320.35,chicago,34.4,scheduled preventive
maint00001787,trk00044,2023-10-20,brake,179884,7.5,804.83,2374.26,3179.09,detroit,44.4,routine brake
maint00001788,trk00095,2023-10-20,engine,428948,6.0,696.8,1976.63,2673.43,columbus,26.6,emergency engine
maint00001789,trk00034,2023-10-21,repair,174899,1.4,137.32,2685.84,2823.16,milwaukee,43.6,routine repair
maint00001790,trk00022,2023-10-21,repair,281597,2.1,220.99,2813.64,3034.63,salt lake city,30.4,routine repair
maint00001791,trk00035,2023-10-21,transmission,635917,4.2,521.96,374.13,896.09,portland,8.6,scheduled transmission
maint00001792,trk00011,2023-10-21,preventive,537088,4.5,508.01,3053.65,3561.66,philadelphia,24.9,routine preventive
maint00001793,trk00108,2023-10-21,tire,395275,0.6,60.27,929.23,989.5,milwaukee,34.2,routine tire
maint00001794,trk00003,2023-10-22,tire,596635,5.2,598.21,1698.33,2296.54,las vegas,25.3,scheduled tire
maint00001795,trk00099,2023-10-22,brake,382266,7.9,801.86,3082.95,3884.81,nashville,19.3,emergency brake
maint00001796,trk00067,2023-10-22,preventive,86951,1.9,215.05,631.95,847.0,columbus,42.7,scheduled preventive
maint00001797,trk00032,2023-10-22,repair,122327,3.1,267.33,3395.22,3662.55,atlanta,36.5,emergency repair
maint00001798,trk00118,2023-10-23,transmission,705934,3.7,382.47,588.24,970.71,los angeles,44.4,routine transmission
maint00001799,trk00085,2023-10-23,tire,677687,7.1,648.06,3375.96,4024.02,charlotte,45.2,routine tire
maint00001800,trk00113,2023-10-23,inspection,225293,5.4,658.54,72.98,731.52,phoenix,44.4,emergency inspection
maint00001801,trk00026,2023-10-23,preventive,57102,4.3,455.74,1278.93,1734.67,indianapolis,40.9,scheduled preventive
maint00001802,trk00008,2023-10-23,inspection,474287,2.9,268.63,16.83,285.46,seattle,15.2,scheduled inspection
maint00001803,trk00014,2023-10-24,inspection,123841,1.6,181.86,101.58,283.44,denver,37.2,scheduled inspection
maint00001804,trk00116,2023-10-25,engine,56918,3.0,332.69,2194.55,2527.24,atlanta,6.2,routine engine
maint00001805,trk00057,2023-10-25,brake,216670,1.6,142.92,838.91,981.83,columbus,24.4,emergency brake
maint00001806,trk00095,2023-10-25,engine,88013,4.1,404.77,2372.22,2776.99,omaha,2.2,emergency engine
maint00001807,trk00074,2023-10-25,repair,97724,1.9,194.93,791.01,985.94,denver,11.1,routine repair
maint00001808,trk00058,2023-10-25,engine,394188,3.2,360.68,3059.84,3420.52,los angeles,28.9,scheduled engine
maint00001809,trk00018,2023-10-25,repair,549961,5.1,486.62,2684.36,3170.98,seattle,23.8,scheduled repair
maint00001810,trk00031,2023-10-25,repair,598689,4.8,476.28,2133.46,2609.74,detroit,29.2,scheduled repair
maint00001811,trk00035,2023-10-25,repair,192761,4.4,400.76,1398.84,1799.6,nashville,42.4,emergency repair
maint00001812,trk00057,2023-10-25,preventive,139222,5.8,566.33,55.64,621.97,oklahoma city,22.3,emergency preventive
maint00001813,trk00013,2023-10-26,engine,348143,5.1,635.73,1347.84,1983.57,nashville,18.8,scheduled engine
maint00001814,trk00030,2023-10-26,repair,663903,6.9,844.66,2948.8,3793.46,milwaukee,38.7,scheduled repair
maint00001815,trk00035,2023-10-26,repair,201235,5.9,664.74,699.8,1364.54,houston,14.2,scheduled repair
maint00001816,trk00104,2023-10-26,preventive,229579,3.2,389.42,1517.18,1906.6,charlotte,27.5,routine preventive
maint00001817,trk00002,2023-10-26,engine,654137,4.7,565.66,1134.37,1700.03,denver,27.7,emergency engine
maint00001818,trk00071,2023-10-27,tire,641912,1.1,133.31,810.69,944.0,oklahoma city,30.2,emergency tire
maint00001819,trk00093,2023-10-27,engine,494472,3.6,401.42,2872.62,3274.04,detroit,19.4,emergency engine
maint00001820,trk00120,2023-10-27,repair,446586,4.3,457.84,1139.08,1596.92,chicago,16.3,routine repair
maint00001821,trk00110,2023-10-27,engine,184110,5.0,566.85,3456.12,4022.97,denver,34.5,routine engine
maint00001822,trk00074,2023-10-28,tire,398032,1.5,186.03,2831.46,3017.49,denver,25.0,routine tire
maint00001823,trk00106,2023-10-28,brake,572811,2.2,270.83,3000.2,3271.03,memphis,39.2,emergency brake
maint00001824,trk00111,2023-10-28,inspection,530753,2.1,240.19,142.32,382.51,kansas city,44.8,scheduled inspection
maint00001825,trk00072,2023-10-29,tire,386566,3.1,356.6,1439.19,1795.79,nashville,3.8,emergency tire
maint00001826,trk00034,2023-10-29,transmission,195490,4.9,417.35,3210.67,3628.02,portland,16.8,emergency transmission
maint00001827,trk00076,2023-10-30,tire,571555,7.8,890.79,1506.62,2397.41,salt lake city,3.8,routine tire
maint00001828,trk00119,2023-10-30,preventive,727934,1.8,203.48,679.38,882.86,kansas city,15.7,scheduled preventive
maint00001829,trk00075,2023-10-31,preventive,393914,7.6,688.94,3273.05,3961.99,minneapolis,43.7,routine preventive
maint00001830,trk00070,2023-10-31,repair,93385,6.1,621.15,3101.22,3722.37,denver,8.7,routine repair
maint00001831,trk00060,2023-11-01,tire,372351,5.7,617.92,2637.44,3255.36,atlanta,7.8,routine tire
maint00001832,trk00016,2023-11-02,inspection,726936,3.4,398.03,15.63,413.66,oklahoma city,5.2,routine inspection
maint00001833,trk00108,2023-11-02,engine,151775,3.5,423.51,2906.47,3329.98,minneapolis,33.4,routine engine
maint00001834,trk00115,2023-11-03,tire,366065,4.8,594.95,1003.51,1598.46,atlanta,23.5,scheduled tire
maint00001835,trk00046,2023-11-03,inspection,564279,5.1,462.45,54.09,516.54,philadelphia,42.1,emergency inspection
maint00001836,trk00086,2023-11-03,tire,728460,5.3,569.59,2853.89,3423.48,phoenix,13.5,emergency tire
maint00001837,trk00029,2023-11-04,preventive,122851,5.9,674.8,363.38,1038.18,phoenix,43.6,scheduled preventive
maint00001838,trk00099,2023-11-04,brake,549488,4.9,603.12,1677.25,2280.37,indianapolis,41.3,emergency brake
maint00001839,trk00059,2023-11-04,repair,683328,5.9,698.38,2417.42,3115.8,denver,4.7,scheduled repair
maint00001840,trk00031,2023-11-05,repair,717836,2.4,291.17,373.98,665.15,phoenix,18.1,routine repair
maint00001841,trk00041,2023-11-05,transmission,441663,7.0,771.85,1852.18,2624.03,new york,17.7,scheduled transmission
maint00001842,trk00049,2023-11-05,repair,222093,4.2,445.46,2611.96,3057.42,portland,12.9,routine repair
maint00001843,trk00070,2023-11-05,transmission,136957,7.9,867.67,3135.94,4003.61,milwaukee,14.1,scheduled transmission
maint00001844,trk00054,2023-11-05,tire,531749,2.4,255.61,373.34,628.95,phoenix,46.8,routine tire
maint00001845,trk00055,2023-11-06,repair,525245,1.6,189.83,1778.51,1968.34,dallas,46.9,emergency repair
maint00001846,trk00040,2023-11-06,tire,539903,4.4,411.64,2965.83,3377.47,denver,5.0,emergency tire
maint00001847,trk00099,2023-11-07,transmission,285527,3.6,408.88,2449.84,2858.72,columbus,3.3,routine transmission
maint00001848,trk00055,2023-11-07,transmission,394229,6.4,688.59,688.9,1377.49,charlotte,29.2,emergency transmission
maint00001849,trk00003,2023-11-08,repair,108343,2.4,290.78,1749.84,2040.62,minneapolis,28.1,scheduled repair
maint00001850,trk00050,2023-11-10,tire,668542,3.2,377.89,3380.19,3758.08,new york,37.9,scheduled tire
maint00001851,trk00120,2023-11-10,transmission,181319,7.1,748.81,1461.26,2210.07,nashville,11.4,routine transmission
maint00001852,trk00104,2023-11-10,brake,681426,2.6,222.95,1875.0,2097.95,portland,7.5,emergency brake
maint00001853,trk00040,2023-11-10,transmission,115210,6.2,733.91,2470.71,3204.62,chicago,30.6,scheduled transmission
maint00001854,trk00068,2023-11-11,engine,679128,2.4,246.32,3103.43,3349.75,minneapolis,26.4,scheduled engine
maint00001855,trk00014,2023-11-12,inspection,165450,6.0,735.52,57.04,792.56,charlotte,36.9,routine inspection
maint00001856,trk00009,2023-11-12,tire,387221,7.6,703.83,1903.66,2607.49,salt lake city,34.2,scheduled tire
maint00001857,trk00060,2023-11-12,engine,522489,5.5,565.68,2762.69,3328.37,dallas,3.8,routine engine
maint00001858,trk00003,2023-11-13,brake,630009,6.4,692.02,2543.85,3235.87,philadelphia,3.7,scheduled brake
maint00001859,trk00090,2023-11-13,tire,196361,5.3,545.86,1746.51,2292.37,phoenix,6.2,routine tire
maint00001860,trk00010,2023-11-13,inspection,102313,1.6,177.77,141.9,319.67,las vegas,22.3,emergency inspection
maint00001861,trk00118,2023-11-13,brake,139180,8.0,805.47,1706.83,2512.3,oklahoma city,11.8,scheduled brake
maint00001862,trk00120,2023-11-14,inspection,737504,2.4,261.98,102.21,364.19,omaha,37.3,routine inspection
maint00001863,trk00044,2023-11-14,tire,66747,2.3,235.66,292.2,527.86,indianapolis,35.8,emergency tire
maint00001864,trk00085,2023-11-14,repair,623101,2.9,340.45,1255.52,1595.97,salt lake city,9.4,routine repair
maint00001865,trk00039,2023-11-15,preventive,347916,5.1,621.43,1941.75,2563.18,salt lake city,16.9,emergency preventive
maint00001866,trk00038,2023-11-15,inspection,588810,2.3,274.94,126.62,401.56,seattle,43.7,emergency inspection
maint00001867,trk00071,2023-11-15,preventive,488126,6.3,553.65,1247.28,1800.93,milwaukee,44.6,routine preventive
maint00001868,trk00026,2023-11-15,tire,364168,1.4,154.99,1071.91,1226.9,miami,5.7,routine tire
maint00001869,trk00010,2023-11-15,transmission,133975,5.8,559.06,3480.79,4039.85,omaha,46.3,emergency transmission
maint00001870,trk00089,2023-11-16,inspection,327969,3.4,368.9,105.79,474.69,houston,15.9,emergency inspection
maint00001871,trk00105,2023-11-16,preventive,431322,7.2,676.07,1330.29,2006.36,atlanta,11.1,emergency preventive
maint00001872,trk00011,2023-11-16,brake,75535,7.3,806.78,74.43,881.21,indianapolis,44.6,routine brake
maint00001873,trk00073,2023-11-17,preventive,69833,5.0,583.41,3175.29,3758.7,memphis,40.7,routine preventive
maint00001874,trk00066,2023-11-17,tire,398171,3.3,301.44,539.58,841.02,dallas,25.9,emergency tire
maint00001875,trk00120,2023-11-17,repair,217657,4.5,510.53,3435.57,3946.1,atlanta,32.6,scheduled repair
maint00001876,trk00115,2023-11-17,repair,544463,1.9,230.37,647.42,877.79,nashville,10.7,emergency repair
maint00001877,trk00032,2023-11-18,tire,72201,7.8,838.02,757.69,1595.71,kansas city,42.2,scheduled tire
maint00001878,trk00100,2023-11-18,preventive,184908,1.7,181.38,2092.84,2274.22,minneapolis,43.3,scheduled preventive
maint00001879,trk00095,2023-11-18,inspection,562917,5.8,618.99,79.69,698.68,detroit,2.2,routine inspection
maint00001880,trk00031,2023-11-19,preventive,602966,4.7,531.5,2100.0,2631.5,denver,37.4,emergency preventive
maint00001881,trk00074,2023-11-19,repair,278230,6.0,654.68,2987.61,3642.29,nashville,27.2,routine repair
maint00001882,trk00102,2023-11-21,preventive,347799,2.6,288.74,1199.46,1488.2,denver,29.0,emergency preventive
maint00001883,trk00084,2023-11-21,engine,431091,7.3,787.07,2883.8,3670.87,nashville,2.4,routine engine
maint00001884,trk00097,2023-11-21,inspection,179285,6.7,808.22,136.93,945.15,minneapolis,4.1,emergency inspection
maint00001885,trk00114,2023-11-21,brake,208839,1.2,126.67,2664.86,2791.53,minneapolis,15.7,scheduled brake
maint00001886,trk00034,2023-11-22,inspection,719673,2.4,229.34,91.57,320.91,minneapolis,40.8,routine inspection
maint00001887,trk00115,2023-11-22,inspection,666402,4.6,427.69,137.42,565.11,memphis,20.9,routine inspection
maint00001888,trk00007,2023-11-22,repair,607732,4.8,431.26,2814.72,3245.98,kansas city,41.9,emergency repair
maint00001889,trk00034,2023-11-22,repair,107813,7.0,846.26,230.35,1076.61,seattle,13.4,routine repair
maint00001890,trk00093,2023-11-22,engine,609407,2.2,244.81,216.13,460.94,milwaukee,29.7,routine engine
maint00001891,trk00100,2023-11-23,inspection,615609,3.3,405.07,14.54,419.61,indianapolis,23.9,routine inspection
maint00001892,trk00014,2023-11-23,engine,693437,6.1,654.52,3157.4,3811.92,omaha,18.9,emergency engine
maint00001893,trk00057,2023-11-24,transmission,104690,4.5,515.9,2457.54,2973.44,salt lake city,29.8,routine transmission
maint00001894,trk00079,2023-11-24,engine,59308,3.5,372.2,1601.15,1973.35,phoenix,33.9,routine engine
maint00001895,trk00020,2023-11-24,engine,356841,2.3,199.3,2939.41,3138.71,kansas city,2.5,scheduled engine
maint00001896,trk00114,2023-11-25,transmission,598393,6.9,694.0,2463.23,3157.23,salt lake city,31.9,emergency transmission
maint00001897,trk00060,2023-11-25,inspection,194097,0.6,51.38,13.55,64.93,kansas city,31.5,scheduled inspection
maint00001898,trk00001,2023-11-25,inspection,68832,2.0,230.88,135.42,366.3,memphis,27.8,scheduled inspection
maint00001899,trk00049,2023-11-25,inspection,467660,6.4,737.58,121.58,859.16,charlotte,7.9,emergency inspection
maint00001900,trk00094,2023-11-25,repair,415715,3.1,310.43,3086.67,3397.1,portland,20.2,routine repair
maint00001901,trk00061,2023-11-25,brake,84205,4.4,471.33,2504.98,2976.31,los angeles,38.7,scheduled brake
maint00001902,trk00003,2023-11-27,transmission,630825,0.8,87.75,2376.69,2464.44,los angeles,46.8,emergency transmission
maint00001903,trk00111,2023-11-27,repair,79573,7.0,769.62,1079.55,1849.17,omaha,10.8,routine repair
maint00001904,trk00043,2023-11-28,engine,255438,1.7,175.74,316.58,492.32,phoenix,8.3,emergency engine
maint00001905,trk00056,2023-11-28,tire,570369,5.4,655.17,279.57,934.74,new york,37.4,scheduled tire
maint00001906,trk00053,2023-11-28,engine,283790,3.6,413.84,226.39,640.23,houston,44.2,emergency engine
maint00001907,trk00011,2023-11-28,preventive,244355,6.1,635.03,596.57,1231.6,houston,10.3,routine preventive
maint00001908,trk00032,2023-11-29,preventive,394025,2.2,266.97,1950.97,2217.94,los angeles,45.0,routine preventive
maint00001909,trk00011,2023-11-29,engine,66256,5.2,598.16,1911.67,2509.83,atlanta,45.1,scheduled engine
maint00001910,trk00108,2023-11-29,engine,104450,3.3,295.21,1823.66,2118.87,oklahoma city,11.1,emergency engine
maint00001911,trk00080,2023-11-30,preventive,721764,4.1,386.6,2052.58,2439.18,dallas,17.5,emergency preventive
maint00001912,trk00115,2023-12-01,tire,178011,6.8,584.99,58.06,643.05,seattle,32.9,emergency tire
maint00001913,trk00073,2023-12-01,transmission,578997,1.2,132.63,1674.28,1806.91,memphis,33.6,emergency transmission
maint00001914,trk00072,2023-12-01,repair,285318,1.4,163.61,765.3,928.91,milwaukee,37.9,emergency repair
maint00001915,trk00029,2023-12-02,brake,153540,4.9,443.07,957.29,1400.36,charlotte,42.9,emergency brake
maint00001916,trk00103,2023-12-02,transmission,651772,0.9,88.63,125.89,214.52,salt lake city,30.4,emergency transmission
maint00001917,trk00033,2023-12-02,repair,316918,2.9,342.3,1831.48,2173.78,omaha,27.5,scheduled repair
maint00001918,trk00071,2023-12-04,engine,647503,3.9,443.37,3428.49,3871.86,dallas,43.1,scheduled engine
maint00001919,trk00075,2023-12-04,preventive,372822,5.0,556.46,2961.39,3517.85,las vegas,13.8,scheduled preventive
maint00001920,trk00071,2023-12-04,tire,693501,2.3,196.11,1039.3,1235.41,charlotte,22.5,emergency tire
maint00001921,trk00017,2023-12-04,repair,715956,0.6,58.84,598.84,657.68,denver,28.7,emergency repair
maint00001922,trk00093,2023-12-05,brake,171193,4.3,485.12,3006.24,3491.36,houston,38.4,scheduled brake
maint00001923,trk00115,2023-12-05,brake,649092,2.4,299.12,3024.37,3323.49,seattle,15.8,scheduled brake
maint00001924,trk00067,2023-12-05,inspection,727712,1.1,126.44,116.48,242.92,salt lake city,43.5,routine inspection
maint00001925,trk00112,2023-12-05,transmission,325800,4.0,480.55,82.71,563.26,salt lake city,27.9,routine transmission
maint00001926,trk00014,2023-12-05,brake,319818,2.5,287.27,1493.0,1780.27,indianapolis,42.6,scheduled brake
maint00001927,trk00008,2023-12-05,brake,101096,5.0,495.88,1373.5,1869.38,memphis,19.9,routine brake
maint00001928,trk00053,2023-12-06,transmission,72156,7.7,872.7,2693.96,3566.66,dallas,30.4,emergency transmission
maint00001929,trk00003,2023-12-07,repair,425359,7.0,603.61,916.52,1520.13,phoenix,36.2,scheduled repair
maint00001930,trk00002,2023-12-08,brake,652877,4.9,531.24,1250.15,1781.39,new york,15.5,routine brake
maint00001931,trk00062,2023-12-08,inspection,707464,1.3,118.13,57.7,175.83,seattle,32.0,scheduled inspection
maint00001932,trk00100,2023-12-08,tire,151326,5.8,715.28,3462.39,4177.67,miami,2.4,emergency tire
maint00001933,trk00094,2023-12-08,preventive,562882,7.3,645.54,417.15,1062.69,denver,2.4,emergency preventive
maint00001934,trk00055,2023-12-08,inspection,579347,6.8,675.78,38.15,713.93,chicago,27.4,emergency inspection
maint00001935,trk00055,2023-12-09,engine,516252,1.8,207.51,2595.3,2802.81,detroit,10.2,scheduled engine
maint00001936,trk00068,2023-12-09,transmission,574344,5.6,499.72,977.1,1476.82,las vegas,4.7,routine transmission
maint00001937,trk00106,2023-12-10,tire,100467,6.3,748.17,2534.57,3282.74,new york,23.3,emergency tire
maint00001938,trk00060,2023-12-10,inspection,509866,5.8,567.88,93.86,661.74,denver,35.0,scheduled inspection
maint00001939,trk00062,2023-12-10,transmission,665919,1.4,150.52,1933.06,2083.58,portland,14.5,scheduled transmission
maint00001940,trk00049,2023-12-11,tire,742190,4.4,424.25,1195.44,1619.69,denver,39.5,emergency tire
maint00001941,trk00037,2023-12-11,inspection,165524,6.5,695.61,60.55,756.16,chicago,32.5,routine inspection
maint00001942,trk00028,2023-12-11,engine,530800,1.4,135.85,877.05,1012.9,minneapolis,28.2,emergency engine
maint00001943,trk00050,2023-12-11,brake,435908,4.3,379.08,1806.34,2185.42,salt lake city,47.1,routine brake
maint00001944,trk00111,2023-12-11,tire,426633,3.0,348.82,2214.38,2563.2,dallas,42.2,emergency tire
maint00001945,trk00058,2023-12-12,preventive,723657,2.2,247.21,2589.86,2837.07,columbus,29.9,routine preventive
maint00001946,trk00040,2023-12-13,tire,324475,1.1,114.06,2462.38,2576.44,kansas city,31.8,emergency tire
maint00001947,trk00055,2023-12-13,engine,507253,7.6,922.57,1099.25,2021.82,oklahoma city,43.1,scheduled engine
maint00001948,trk00053,2023-12-13,preventive,563424,5.3,591.34,1524.6,2115.94,nashville,7.9,emergency preventive
maint00001949,trk00019,2023-12-13,preventive,426931,2.9,350.07,2271.53,2621.6,atlanta,26.8,routine preventive
maint00001950,trk00096,2023-12-14,tire,98720,7.3,862.38,1128.03,1990.41,nashville,4.5,emergency tire
maint00001951,trk00039,2023-12-14,repair,713554,2.3,263.71,646.33,910.04,seattle,28.9,scheduled repair
maint00001952,trk00003,2023-12-15,repair,172893,2.7,253.54,2691.05,2944.59,denver,31.0,emergency repair
maint00001953,trk00036,2023-12-15,brake,119197,2.8,287.98,2089.83,2377.81,indianapolis,46.7,emergency brake
maint00001954,trk00060,2023-12-15,inspection,489955,3.7,428.6,5.24,433.84,minneapolis,33.1,scheduled inspection
maint00001955,trk00019,2023-12-15,tire,249773,6.9,849.85,2473.38,3323.23,philadelphia,8.5,emergency tire
maint00001956,trk00037,2023-12-16,brake,561624,5.1,624.64,2883.45,3508.09,houston,26.7,scheduled brake
maint00001957,trk00091,2023-12-16,tire,695204,5.7,518.78,905.43,1424.21,portland,12.8,emergency tire
maint00001958,trk00015,2023-12-16,engine,700035,1.0,120.1,225.06,345.16,portland,30.0,routine engine
maint00001959,trk00011,2023-12-16,transmission,249147,3.4,295.86,2358.94,2654.8,dallas,27.5,scheduled transmission
maint00001960,trk00091,2023-12-17,repair,609062,4.5,465.26,774.49,1239.75,milwaukee,42.3,emergency repair
maint00001961,trk00073,2023-12-17,inspection,599925,7.1,665.11,118.6,783.71,dallas,19.8,scheduled inspection
maint00001962,trk00038,2023-12-18,engine,699735,2.8,290.37,3238.43,3528.8,dallas,27.0,scheduled engine
maint00001963,trk00051,2023-12-18,tire,96736,7.3,657.34,2830.49,3487.83,nashville,20.2,scheduled tire
maint00001964,trk00007,2023-12-18,tire,208598,6.5,564.87,682.55,1247.42,charlotte,9.2,emergency tire
maint00001965,trk00114,2023-12-20,transmission,146148,7.7,696.71,248.13,944.84,philadelphia,9.2,routine transmission
maint00001966,trk00056,2023-12-20,inspection,713439,5.3,653.11,56.82,709.93,new york,20.7,emergency inspection
maint00001967,trk00055,2023-12-20,brake,333768,0.6,73.69,1727.59,1801.28,new york,8.2,emergency brake
maint00001968,trk00080,2023-12-20,inspection,333539,1.8,169.89,3.35,173.24,omaha,9.5,routine inspection
maint00001969,trk00017,2023-12-20,tire,231659,3.1,322.89,2573.93,2896.82,milwaukee,29.6,emergency tire
maint00001970,trk00102,2023-12-21,tire,685078,5.0,471.66,1500.93,1972.59,oklahoma city,38.5,scheduled tire
maint00001971,trk00041,2023-12-21,transmission,629100,4.6,436.82,792.23,1229.05,milwaukee,10.8,emergency transmission
maint00001972,trk00074,2023-12-22,tire,68442,6.7,591.76,2029.82,2621.58,omaha,19.5,scheduled tire
maint00001973,trk00072,2023-12-23,transmission,193322,7.8,687.09,2634.56,3321.65,detroit,20.6,emergency transmission
maint00001974,trk00082,2023-12-23,tire,413545,2.0,185.71,587.56,773.27,miami,23.2,routine tire
maint00001975,trk00011,2023-12-23,transmission,466500,6.7,643.36,1231.55,1874.91,dallas,47.3,scheduled transmission
maint00001976,trk00014,2023-12-24,transmission,270143,6.7,833.58,2469.91,3303.49,new york,24.4,emergency transmission
maint00001977,trk00110,2023-12-24,inspection,432277,5.8,500.07,129.19,629.26,chicago,43.3,routine inspection
maint00001978,trk00053,2023-12-24,preventive,187057,6.4,786.3,2912.36,3698.66,kansas city,43.4,routine preventive
maint00001979,trk00045,2023-12-25,repair,619235,2.8,298.57,440.06,738.63,miami,14.7,emergency repair
maint00001980,trk00111,2023-12-27,tire,654009,2.4,252.43,3030.61,3283.04,omaha,9.7,emergency tire
maint00001981,trk00088,2023-12-27,transmission,620201,1.7,204.56,2882.62,3087.18,los angeles,28.3,routine transmission
maint00001982,trk00118,2023-12-28,inspection,137604,3.7,401.93,33.07,435.0,chicago,21.0,emergency inspection
maint00001983,trk00090,2023-12-28,inspection,423625,4.7,415.41,135.92,551.33,indianapolis,4.7,emergency inspection
maint00001984,trk00052,2023-12-28,tire,546770,6.9,626.92,3055.18,3682.1,new york,10.2,emergency tire
maint00001985,trk00059,2023-12-29,preventive,139586,0.6,56.09,1767.48,1823.57,seattle,5.1,emergency preventive
maint00001986,trk00026,2023-12-29,brake,408147,6.7,607.11,2564.99,3172.1,dallas,6.8,emergency brake
maint00001987,trk00010,2023-12-29,brake,609445,5.7,525.56,2640.81,3166.37,milwaukee,45.2,scheduled brake
maint00001988,trk00014,2024-01-01,brake,204228,5.3,643.05,2248.11,2891.16,memphis,17.2,scheduled brake
maint00001989,trk00022,2024-01-01,engine,646963,6.8,738.81,2843.49,3582.3,salt lake city,10.3,scheduled engine
maint00001990,trk00023,2024-01-01,engine,714235,6.6,646.53,1351.56,1998.09,new york,26.9,emergency engine
maint00001991,trk00077,2024-01-01,brake,200153,3.8,329.61,2924.32,3253.93,nashville,39.1,emergency brake
maint00001992,trk00040,2024-01-01,brake,196945,5.9,733.02,1459.6,2192.62,salt lake city,32.5,scheduled brake
maint00001993,trk00100,2024-01-02,inspection,74117,1.3,118.21,95.92,214.13,omaha,28.6,routine inspection
maint00001994,trk00064,2024-01-03,preventive,81454,2.2,249.57,3422.53,3672.1,houston,39.5,scheduled preventive
maint00001995,trk00017,2024-01-04,inspection,676465,1.6,187.18,54.18,241.36,charlotte,6.3,routine inspection
maint00001996,trk00071,2024-01-05,preventive,448722,2.4,216.08,1035.98,1252.06,new york,47.0,emergency preventive
maint00001997,trk00073,2024-01-05,tire,104390,1.9,204.01,349.05,553.06,las vegas,42.1,scheduled tire
maint00001998,trk00003,2024-01-06,engine,76794,5.5,568.66,3170.81,3739.47,salt lake city,10.4,routine engine
maint00001999,trk00040,2024-01-06,brake,250616,5.2,531.12,3219.83,3750.95,salt lake city,33.6,scheduled brake
maint00002000,trk00032,2024-01-06,transmission,678170,3.1,272.93,364.27,637.2,los angeles,35.1,scheduled transmission
maint00002001,trk00013,2024-01-06,preventive,100342,2.4,211.91,758.55,970.46,oklahoma city,2.0,emergency preventive
maint00002002,trk00012,2024-01-06,repair,107811,4.7,546.52,2630.33,3176.85,dallas,18.5,emergency repair
maint00002003,trk00044,2024-01-07,transmission,125180,4.1,414.39,2499.08,2913.47,seattle,37.2,routine transmission
maint00002004,trk00001,2024-01-07,brake,501231,2.1,245.36,2525.38,2770.74,salt lake city,6.2,emergency brake
maint00002005,trk00119,2024-01-07,transmission,470449,6.6,817.87,114.74,932.61,chicago,43.7,routine transmission
maint00002006,trk00099,2024-01-07,tire,353436,6.1,586.63,772.36,1358.99,milwaukee,44.9,emergency tire
maint00002007,trk00043,2024-01-08,engine,447228,4.9,463.28,1458.84,1922.12,detroit,41.6,scheduled engine
maint00002008,trk00007,2024-01-08,inspection,55743,5.7,576.84,40.37,617.21,houston,7.0,routine inspection
maint00002009,trk00107,2024-01-09,brake,571134,6.3,664.27,3327.07,3991.34,atlanta,23.7,routine brake
maint00002010,trk00003,2024-01-09,transmission,587110,6.9,700.31,336.8,1037.11,new york,19.5,scheduled transmission
maint00002011,trk00028,2024-01-09,tire,567799,1.3,144.14,1496.42,1640.56,nashville,36.1,routine tire
maint00002012,trk00078,2024-01-10,transmission,652676,6.4,789.69,766.87,1556.56,atlanta,39.2,emergency transmission
maint00002013,trk00081,2024-01-10,brake,712605,5.5,562.04,1619.2,2181.24,charlotte,12.6,scheduled brake
maint00002014,trk00088,2024-01-10,tire,724179,1.7,182.92,1789.83,1972.75,chicago,40.8,routine tire
maint00002015,trk00022,2024-01-10,repair,247837,6.6,774.55,411.88,1186.43,nashville,41.5,routine repair
maint00002016,trk00097,2024-01-11,brake,136470,4.0,458.0,3135.12,3593.12,seattle,11.3,routine brake
maint00002017,trk00003,2024-01-11,repair,343847,6.4,733.95,1842.47,2576.42,atlanta,30.9,emergency repair
maint00002018,trk00042,2024-01-11,inspection,422245,5.3,482.86,5.84,488.7,houston,5.4,emergency inspection
maint00002019,trk00015,2024-01-12,brake,242840,3.7,433.95,1350.5,1784.45,minneapolis,20.1,routine brake
maint00002020,trk00091,2024-01-12,brake,268843,7.4,901.37,2440.89,3342.26,portland,29.7,routine brake
maint00002021,trk00031,2024-01-13,tire,136566,4.8,569.61,3150.58,3720.19,dallas,2.8,routine tire
maint00002022,trk00004,2024-01-13,brake,456558,2.5,254.43,1411.12,1665.55,omaha,7.4,routine brake
maint00002023,trk00079,2024-01-13,inspection,356250,7.6,678.34,67.01,745.35,kansas city,6.2,emergency inspection
maint00002024,trk00059,2024-01-13,brake,702990,4.8,481.02,1657.95,2138.97,miami,41.7,scheduled brake
maint00002025,trk00114,2024-01-13,brake,694435,4.9,443.72,2406.72,2850.44,columbus,11.4,scheduled brake
maint00002026,trk00081,2024-01-14,engine,244979,7.5,721.89,3204.89,3926.78,milwaukee,39.2,routine engine
maint00002027,trk00090,2024-01-14,preventive,319153,5.1,608.12,3159.02,3767.14,new york,38.7,routine preventive
maint00002028,trk00084,2024-01-15,transmission,530242,1.1,112.55,2360.02,2472.57,seattle,16.4,routine transmission
maint00002029,trk00109,2024-01-15,tire,355686,5.7,682.04,2956.37,3638.41,las vegas,26.1,routine tire
maint00002030,trk00026,2024-01-16,repair,173902,0.8,99.9,360.04,459.94,phoenix,15.7,emergency repair
maint00002031,trk00066,2024-01-17,brake,409377,3.3,295.48,673.79,969.27,indianapolis,45.7,scheduled brake
maint00002032,trk00104,2024-01-17,brake,293508,3.6,355.28,2238.41,2593.69,nashville,19.8,routine brake
maint00002033,trk00098,2024-01-17,tire,271564,3.2,304.11,587.22,891.33,oklahoma city,35.7,routine tire
maint00002034,trk00067,2024-01-17,repair,363715,2.5,218.06,1060.8,1278.86,las vegas,29.9,emergency repair
maint00002035,trk00080,2024-01-18,tire,635504,1.3,152.51,326.53,479.04,charlotte,42.9,routine tire
maint00002036,trk00085,2024-01-18,engine,583012,5.8,606.04,2104.59,2710.63,new york,14.0,emergency engine
maint00002037,trk00059,2024-01-18,transmission,225482,7.0,873.56,3264.05,4137.61,atlanta,27.3,emergency transmission
maint00002038,trk00035,2024-01-18,tire,383518,1.3,147.4,3068.45,3215.85,omaha,11.4,emergency tire
maint00002039,trk00105,2024-01-19,transmission,516855,6.7,706.22,984.3,1690.52,omaha,26.4,scheduled transmission
maint00002040,trk00078,2024-01-20,engine,458303,4.0,365.01,146.16,511.17,atlanta,39.4,scheduled engine
maint00002041,trk00090,2024-01-20,transmission,703294,3.9,480.67,2289.93,2770.6,minneapolis,26.5,emergency transmission
maint00002042,trk00005,2024-01-20,transmission,533434,4.1,447.39,2753.42,3200.81,charlotte,6.9,routine transmission
maint00002043,trk00115,2024-01-21,engine,331595,6.2,551.38,931.73,1483.11,portland,42.7,routine engine
maint00002044,trk00030,2024-01-21,repair,416070,1.8,202.34,2628.31,2830.65,dallas,28.5,routine repair
maint00002045,trk00015,2024-01-21,preventive,285785,7.7,901.42,1393.96,2295.38,denver,44.4,emergency preventive
maint00002046,trk00105,2024-01-21,engine,250740,2.1,206.47,204.42,410.89,portland,8.7,scheduled engine
maint00002047,trk00078,2024-01-22,transmission,54674,4.6,459.64,3279.52,3739.16,houston,42.2,emergency transmission
maint00002048,trk00064,2024-01-22,engine,309384,0.7,79.49,1472.17,1551.66,los angeles,28.6,emergency engine
maint00002049,trk00112,2024-01-23,preventive,137657,6.4,577.83,946.26,1524.09,memphis,12.3,emergency preventive
maint00002050,trk00079,2024-01-23,repair,302330,2.0,180.93,2482.84,2663.77,kansas city,41.3,scheduled repair
maint00002051,trk00119,2024-01-23,preventive,679754,5.4,635.49,1520.98,2156.47,indianapolis,11.7,scheduled preventive
maint00002052,trk00038,2024-01-24,transmission,205998,1.5,174.37,880.44,1054.81,new york,4.6,scheduled transmission
maint00002053,trk00096,2024-01-24,inspection,426140,5.0,489.42,89.78,579.2,phoenix,15.7,scheduled inspection
maint00002054,trk00073,2024-01-24,repair,350712,5.2,599.5,3180.13,3779.63,charlotte,29.2,emergency repair
maint00002055,trk00118,2024-01-24,repair,209429,4.9,455.29,3244.44,3699.73,dallas,36.7,scheduled repair
maint00002056,trk00074,2024-01-25,inspection,310205,6.1,573.61,97.27,670.88,los angeles,37.1,emergency inspection
maint00002057,trk00068,2024-01-25,inspection,570420,1.2,117.97,100.77,218.74,indianapolis,20.8,routine inspection
maint00002058,trk00069,2024-01-25,inspection,703878,4.8,549.49,49.2,598.69,atlanta,42.3,emergency inspection
maint00002059,trk00110,2024-01-25,tire,596497,3.7,414.12,582.87,996.99,omaha,27.2,routine tire
maint00002060,trk00014,2024-01-26,inspection,60812,5.4,575.61,59.3,634.91,omaha,46.7,emergency inspection
maint00002061,trk00045,2024-01-26,repair,642406,2.1,214.15,1246.37,1460.52,los angeles,19.1,routine repair
maint00002062,trk00037,2024-01-26,engine,99811,3.8,454.32,1100.79,1555.11,seattle,10.3,scheduled engine
maint00002063,trk00103,2024-01-27,repair,519169,5.6,621.07,3268.4,3889.47,nashville,2.5,routine repair
maint00002064,trk00090,2024-01-28,brake,542051,3.2,275.68,2834.78,3110.46,minneapolis,3.9,scheduled brake
maint00002065,trk00103,2024-01-28,repair,75175,7.3,905.61,2645.31,3550.92,omaha,2.2,routine repair
maint00002066,trk00061,2024-01-28,preventive,539745,3.5,317.22,2902.15,3219.37,kansas city,28.7,scheduled preventive
maint00002067,trk00071,2024-01-29,inspection,70354,1.2,124.69,16.65,141.34,oklahoma city,35.7,routine inspection
maint00002068,trk00045,2024-01-29,repair,670910,3.4,312.27,1403.54,1715.81,omaha,36.6,scheduled repair
maint00002069,trk00065,2024-01-29,engine,605787,5.2,554.84,2900.31,3455.15,nashville,22.8,routine engine
maint00002070,trk00041,2024-01-29,inspection,690682,3.8,337.51,64.38,401.89,indianapolis,11.3,emergency inspection
maint00002071,trk00008,2024-01-30,repair,494502,2.5,289.07,2457.86,2746.93,las vegas,28.0,scheduled repair
maint00002072,trk00069,2024-01-31,preventive,172194,7.5,664.85,2999.22,3664.07,portland,7.0,scheduled preventive
maint00002073,trk00026,2024-01-31,tire,717205,8.0,855.89,2415.85,3271.74,houston,10.1,emergency tire
maint00002074,trk00092,2024-02-01,inspection,178475,3.4,320.41,132.82,453.23,philadelphia,3.6,emergency inspection
maint00002075,trk00075,2024-02-01,preventive,517560,5.1,446.85,1399.38,1846.23,los angeles,16.3,emergency preventive
maint00002076,trk00106,2024-02-01,tire,586571,7.2,676.34,649.46,1325.8,charlotte,3.3,routine tire
maint00002077,trk00017,2024-02-01,inspection,162252,6.2,695.53,26.42,721.95,denver,30.4,emergency inspection
maint00002078,trk00079,2024-02-02,transmission,252422,3.0,326.25,1335.41,1661.66,atlanta,20.1,routine transmission
maint00002079,trk00099,2024-02-02,engine,638669,3.6,361.83,235.5,597.33,oklahoma city,41.8,scheduled engine
maint00002080,trk00021,2024-02-02,inspection,103054,4.8,551.67,16.27,567.94,houston,2.8,emergency inspection
maint00002081,trk00112,2024-02-02,repair,708477,1.3,156.41,2468.01,2624.42,chicago,40.0,scheduled repair
maint00002082,trk00085,2024-02-03,preventive,657947,6.5,633.37,449.35,1082.72,las vegas,36.8,scheduled preventive
maint00002083,trk00031,2024-02-04,transmission,501137,6.5,557.55,1950.38,2507.93,miami,7.7,emergency transmission
maint00002084,trk00115,2024-02-04,repair,128886,1.9,196.63,1023.39,1220.02,las vegas,17.7,emergency repair
maint00002085,trk00077,2024-02-04,engine,364511,4.2,518.95,2733.22,3252.17,houston,27.8,scheduled engine
maint00002086,trk00052,2024-02-04,preventive,98241,3.2,294.59,2499.52,2794.11,atlanta,3.9,scheduled preventive
maint00002087,trk00095,2024-02-05,repair,728588,2.6,235.43,369.67,605.1,atlanta,14.2,routine repair
maint00002088,trk00054,2024-02-05,tire,64462,1.1,114.26,140.36,254.62,philadelphia,24.7,routine tire
maint00002089,trk00013,2024-02-05,inspection,331338,5.2,495.96,86.11,582.07,seattle,8.6,routine inspection
maint00002090,trk00058,2024-02-06,preventive,139477,1.2,138.3,2847.13,2985.43,nashville,32.5,scheduled preventive
maint00002091,trk00108,2024-02-06,brake,98272,1.5,185.69,340.97,526.66,detroit,9.5,emergency brake
maint00002092,trk00015,2024-02-06,inspection,658641,7.7,881.29,148.23,1029.52,los angeles,37.3,routine inspection
maint00002093,trk00030,2024-02-08,repair,442696,7.4,798.26,3093.61,3891.87,chicago,22.3,routine repair
maint00002094,trk00052,2024-02-09,inspection,428837,3.3,359.69,111.57,471.26,los angeles,22.0,scheduled inspection
maint00002095,trk00112,2024-02-09,repair,331577,6.7,707.18,2786.38,3493.56,las vegas,19.1,routine repair
maint00002096,trk00052,2024-02-10,brake,667954,0.6,64.75,3383.98,3448.73,chicago,11.2,routine brake
maint00002097,trk00114,2024-02-10,inspection,199896,4.9,485.87,72.3,558.17,indianapolis,27.0,emergency inspection
maint00002098,trk00104,2024-02-10,inspection,716326,7.8,958.88,143.18,1102.06,portland,6.1,emergency inspection
maint00002099,trk00073,2024-02-12,inspection,225815,7.6,672.06,149.37,821.43,columbus,32.7,routine inspection
maint00002100,trk00020,2024-02-12,inspection,544558,4.5,513.65,14.41,528.06,miami,29.8,emergency inspection
maint00002101,trk00092,2024-02-12,repair,669977,1.1,128.46,2982.35,3110.81,chicago,28.0,emergency repair
maint00002102,trk00049,2024-02-13,preventive,183048,6.2,585.07,2489.05,3074.12,chicago,39.3,routine preventive
maint00002103,trk00043,2024-02-13,tire,417278,5.8,658.65,633.12,1291.77,phoenix,17.6,scheduled tire
maint00002104,trk00082,2024-02-13,tire,739685,7.7,678.94,2755.12,3434.06,new york,36.2,scheduled tire
maint00002105,trk00100,2024-02-14,engine,121932,7.8,688.59,1939.61,2628.2,portland,39.9,emergency engine
maint00002106,trk00056,2024-02-15,engine,513449,6.6,785.67,1394.53,2180.2,columbus,30.9,routine engine
maint00002107,trk00025,2024-02-16,engine,315094,5.9,715.77,376.83,1092.6,omaha,42.1,emergency engine
maint00002108,trk00092,2024-02-16,tire,149570,6.0,633.19,2364.15,2997.34,oklahoma city,2.7,scheduled tire
maint00002109,trk00005,2024-02-16,repair,632656,2.8,263.88,957.14,1221.02,omaha,32.4,routine repair
maint00002110,trk00072,2024-02-16,repair,311987,7.2,818.52,1816.34,2634.86,columbus,12.6,routine repair
maint00002111,trk00106,2024-02-17,engine,474556,5.8,497.44,2944.78,3442.22,indianapolis,20.9,emergency engine
maint00002112,trk00115,2024-02-17,preventive,318177,6.7,804.94,2689.37,3494.31,atlanta,30.5,routine preventive
maint00002113,trk00097,2024-02-17,preventive,491879,2.7,253.01,2222.08,2475.09,philadelphia,13.3,routine preventive
maint00002114,trk00058,2024-02-17,tire,600867,2.4,205.43,827.26,1032.69,denver,44.0,emergency tire
maint00002115,trk00094,2024-02-17,transmission,143614,2.6,302.73,3104.86,3407.59,las vegas,37.7,routine transmission
maint00002116,trk00015,2024-02-18,repair,312578,7.2,776.93,1964.56,2741.49,nashville,36.6,scheduled repair
maint00002117,trk00086,2024-02-18,tire,406710,3.1,368.28,1408.77,1777.05,atlanta,8.6,emergency tire
maint00002118,trk00039,2024-02-18,preventive,253831,2.2,240.74,1558.1,1798.84,memphis,45.3,emergency preventive
maint00002119,trk00111,2024-02-19,preventive,713436,1.6,142.56,1184.8,1327.36,oklahoma city,13.2,scheduled preventive
maint00002120,trk00119,2024-02-20,engine,495741,5.8,549.48,162.33,711.81,los angeles,20.0,emergency engine
maint00002121,trk00120,2024-02-20,transmission,507891,3.6,338.2,951.83,1290.03,portland,27.8,scheduled transmission
maint00002122,trk00033,2024-02-20,preventive,135732,1.0,92.11,1330.42,1422.53,seattle,15.1,routine preventive
maint00002123,trk00005,2024-02-21,tire,233360,1.8,159.94,1428.79,1588.73,memphis,6.2,emergency tire
maint00002124,trk00030,2024-02-22,brake,596964,6.2,739.56,971.98,1711.54,milwaukee,37.6,emergency brake
maint00002125,trk00036,2024-02-22,preventive,521922,3.4,305.45,924.36,1229.81,dallas,40.3,emergency preventive
maint00002126,trk00110,2024-02-23,brake,467459,1.6,196.62,1492.43,1689.05,dallas,18.8,emergency brake
maint00002127,trk00063,2024-02-25,brake,114807,3.5,321.82,469.02,790.84,los angeles,18.7,emergency brake
maint00002128,trk00083,2024-02-26,inspection,200782,4.5,516.09,2.31,518.4,seattle,21.9,scheduled inspection
maint00002129,trk00039,2024-02-26,brake,112838,6.9,856.86,1578.48,2435.34,charlotte,6.0,routine brake
maint00002130,trk00033,2024-02-26,brake,453464,1.6,176.44,3496.75,3673.19,minneapolis,34.7,scheduled brake
maint00002131,trk00046,2024-02-27,repair,530484,2.6,251.46,1908.89,2160.35,miami,34.7,emergency repair
maint00002132,trk00088,2024-02-27,preventive,495389,3.4,401.45,2486.42,2887.87,new york,8.0,emergency preventive
maint00002133,trk00078,2024-02-28,transmission,393443,2.9,347.11,464.93,812.04,charlotte,23.1,routine transmission
maint00002134,trk00100,2024-02-28,preventive,541076,7.5,643.41,2978.0,3621.41,atlanta,46.4,routine preventive
maint00002135,trk00112,2024-02-28,preventive,150370,5.5,669.3,835.01,1504.31,salt lake city,33.5,scheduled preventive
maint00002136,trk00073,2024-02-28,inspection,692980,5.1,566.26,127.1,693.36,seattle,17.4,emergency inspection
maint00002137,trk00092,2024-02-29,inspection,315110,6.4,773.38,117.67,891.05,houston,30.7,routine inspection
maint00002138,trk00076,2024-02-29,preventive,616670,4.1,498.57,2821.65,3320.22,salt lake city,34.4,scheduled preventive
maint00002139,trk00047,2024-03-01,inspection,612836,2.1,189.28,13.89,203.17,nashville,23.5,scheduled inspection
maint00002140,trk00033,2024-03-01,transmission,207008,7.3,909.2,2351.05,3260.25,dallas,20.1,emergency transmission
maint00002141,trk00007,2024-03-01,repair,377459,4.7,574.09,1161.99,1736.08,salt lake city,41.3,routine repair
maint00002142,trk00094,2024-03-01,transmission,351996,6.0,547.44,2011.48,2558.92,houston,20.8,scheduled transmission
maint00002143,trk00067,2024-03-02,brake,433487,2.8,341.58,1080.46,1422.04,atlanta,33.4,emergency brake
maint00002144,trk00048,2024-03-02,engine,184302,6.8,667.1,2448.04,3115.14,charlotte,32.7,scheduled engine
maint00002145,trk00078,2024-03-02,engine,448436,1.5,167.8,3075.78,3243.58,denver,37.5,routine engine
maint00002146,trk00100,2024-03-02,engine,248862,5.0,528.82,3126.66,3655.48,houston,2.7,emergency engine
maint00002147,trk00008,2024-03-02,engine,681272,4.3,478.37,758.36,1236.73,minneapolis,45.3,emergency engine
maint00002148,trk00099,2024-03-02,brake,364890,3.4,407.55,2743.26,3150.81,kansas city,10.3,scheduled brake
maint00002149,trk00108,2024-03-03,preventive,68249,3.7,340.65,1788.43,2129.08,las vegas,36.0,routine preventive
maint00002150,trk00090,2024-03-04,tire,417572,3.1,326.69,2236.81,2563.5,memphis,26.9,routine tire
maint00002151,trk00029,2024-03-04,repair,140675,4.2,400.67,864.55,1265.22,kansas city,24.3,routine repair
maint00002152,trk00109,2024-03-04,preventive,413453,7.8,867.3,2588.59,3455.89,oklahoma city,27.2,scheduled preventive
maint00002153,trk00047,2024-03-04,brake,251580,2.5,287.88,1774.48,2062.36,kansas city,21.1,routine brake
maint00002154,trk00083,2024-03-04,inspection,73723,4.8,487.29,147.23,634.52,kansas city,28.7,routine inspection
maint00002155,trk00054,2024-03-05,tire,381834,5.2,594.66,2130.98,2725.64,portland,2.5,scheduled tire
maint00002156,trk00071,2024-03-05,repair,389048,4.8,531.31,1456.41,1987.72,memphis,36.0,scheduled repair
maint00002157,trk00040,2024-03-05,transmission,480881,7.7,949.36,1547.48,2496.84,philadelphia,17.9,emergency transmission
maint00002158,trk00043,2024-03-06,preventive,278909,1.3,139.58,3308.12,3447.7,indianapolis,23.6,scheduled preventive
maint00002159,trk00039,2024-03-07,tire,499787,4.6,457.05,3088.33,3545.38,seattle,34.7,routine tire
maint00002160,trk00104,2024-03-07,transmission,87951,1.0,104.69,2428.6,2533.29,kansas city,29.9,scheduled transmission
maint00002161,trk00015,2024-03-07,inspection,632981,6.1,529.04,113.32,642.36,detroit,12.6,scheduled inspection
maint00002162,trk00044,2024-03-08,repair,149570,4.5,544.35,2644.79,3189.14,indianapolis,30.8,emergency repair
maint00002163,trk00045,2024-03-08,preventive,148850,6.6,618.86,318.89,937.75,miami,18.9,scheduled preventive
maint00002164,trk00018,2024-03-08,engine,144183,5.0,606.93,923.06,1529.99,nashville,29.3,scheduled engine
maint00002165,trk00117,2024-03-08,tire,349065,1.7,166.88,2656.26,2823.14,phoenix,7.0,scheduled tire
maint00002166,trk00070,2024-03-09,engine,687074,7.6,669.92,884.13,1554.05,oklahoma city,40.5,routine engine
maint00002167,trk00048,2024-03-09,repair,580980,0.8,77.99,699.97,777.96,chicago,44.4,routine repair
maint00002168,trk00100,2024-03-09,tire,296926,3.0,367.09,1566.58,1933.67,dallas,31.6,routine tire
maint00002169,trk00027,2024-03-09,repair,135546,1.9,193.43,524.04,717.47,omaha,43.6,routine repair
maint00002170,trk00085,2024-03-10,repair,188431,1.0,96.71,1551.04,1647.75,charlotte,35.0,scheduled repair
maint00002171,trk00013,2024-03-10,engine,279278,5.9,714.42,226.01,940.43,denver,14.6,scheduled engine
maint00002172,trk00110,2024-03-10,repair,625348,4.6,492.36,763.99,1256.35,philadelphia,42.6,emergency repair
maint00002173,trk00021,2024-03-11,transmission,666773,3.0,279.46,1785.94,2065.4,portland,27.0,scheduled transmission
maint00002174,trk00035,2024-03-11,engine,253040,7.4,763.8,3092.46,3856.26,philadelphia,30.9,scheduled engine
maint00002175,trk00096,2024-03-12,repair,590807,3.4,308.94,1275.88,1584.82,denver,30.8,scheduled repair
maint00002176,trk00092,2024-03-12,preventive,339672,6.7,793.54,1704.67,2498.21,nashville,12.2,scheduled preventive
maint00002177,trk00057,2024-03-14,tire,505421,1.3,130.45,2496.1,2626.55,atlanta,22.3,emergency tire
maint00002178,trk00079,2024-03-14,transmission,214060,2.2,254.69,89.29,343.98,detroit,19.7,scheduled transmission
maint00002179,trk00089,2024-03-14,preventive,364483,2.4,290.74,1046.18,1336.92,indianapolis,10.1,routine preventive
maint00002180,trk00098,2024-03-15,tire,85448,4.9,473.79,1626.54,2100.33,columbus,41.6,emergency tire
maint00002181,trk00019,2024-03-15,transmission,466874,7.6,689.47,2543.03,3232.5,indianapolis,25.1,emergency transmission
maint00002182,trk00117,2024-03-16,transmission,295347,3.2,301.63,119.09,420.72,los angeles,5.1,scheduled transmission
maint00002183,trk00089,2024-03-16,repair,153249,3.4,412.57,617.42,1029.99,oklahoma city,47.4,scheduled repair
maint00002184,trk00103,2024-03-16,tire,521894,2.1,238.31,3136.39,3374.7,new york,20.6,routine tire
maint00002185,trk00050,2024-03-16,inspection,664989,7.0,660.18,144.32,804.5,los angeles,5.5,routine inspection
maint00002186,trk00077,2024-03-16,brake,303555,1.2,144.83,1899.5,2044.33,milwaukee,26.1,scheduled brake
maint00002187,trk00053,2024-03-17,preventive,174137,5.9,688.3,950.78,1639.08,denver,9.0,scheduled preventive
maint00002188,trk00120,2024-03-17,brake,445536,1.9,194.54,583.96,778.5,milwaukee,33.1,scheduled brake
maint00002189,trk00045,2024-03-17,transmission,623251,4.8,410.0,1236.5,1646.5,philadelphia,29.7,routine transmission
maint00002190,trk00025,2024-03-17,repair,421411,5.0,526.31,448.54,974.85,houston,2.6,scheduled repair
maint00002191,trk00081,2024-03-17,preventive,387946,3.3,356.47,1497.2,1853.67,omaha,17.4,routine preventive
maint00002192,trk00010,2024-03-17,brake,239230,5.7,638.65,564.55,1203.2,denver,39.1,scheduled brake
maint00002193,trk00108,2024-03-18,preventive,636511,3.3,303.6,755.45,1059.05,philadelphia,36.3,scheduled preventive
maint00002194,trk00103,2024-03-18,inspection,143005,7.3,790.62,116.32,906.94,philadelphia,3.5,emergency inspection
maint00002195,trk00057,2024-03-19,engine,413115,7.4,774.64,304.05,1078.69,houston,21.6,routine engine
maint00002196,trk00077,2024-03-19,preventive,465751,5.4,461.1,2476.48,2937.58,phoenix,30.1,routine preventive
maint00002197,trk00018,2024-03-20,brake,514434,3.7,439.82,73.73,513.55,indianapolis,29.9,scheduled brake
maint00002198,trk00120,2024-03-21,tire,182280,3.1,357.72,3061.46,3419.18,phoenix,4.3,scheduled tire
maint00002199,trk00035,2024-03-21,engine,358763,6.6,737.96,771.8,1509.76,nashville,31.3,emergency engine
maint00002200,trk00034,2024-03-21,inspection,439587,5.6,562.49,0.14,562.63,denver,42.5,scheduled inspection
maint00002201,trk00090,2024-03-21,transmission,546389,0.6,67.18,2494.41,2561.59,dallas,41.3,scheduled transmission
maint00002202,trk00093,2024-03-21,transmission,429996,5.4,513.61,913.43,1427.04,miami,3.9,scheduled transmission
maint00002203,trk00112,2024-03-21,brake,362977,7.2,886.74,3389.09,4275.83,oklahoma city,35.0,emergency brake
maint00002204,trk00047,2024-03-23,transmission,84901,2.2,263.13,634.44,897.57,philadelphia,28.6,scheduled transmission
maint00002205,trk00071,2024-03-23,repair,383748,5.9,669.23,2640.64,3309.87,charlotte,16.0,routine repair
maint00002206,trk00050,2024-03-24,engine,531238,5.9,536.16,2933.35,3469.51,columbus,5.3,emergency engine
maint00002207,trk00115,2024-03-25,engine,536918,7.9,825.4,892.05,1717.45,memphis,22.1,scheduled engine
maint00002208,trk00083,2024-03-26,preventive,594570,2.6,225.2,214.27,439.47,charlotte,46.6,routine preventive
maint00002209,trk00026,2024-03-27,engine,547718,5.8,657.3,2136.87,2794.17,milwaukee,34.4,emergency engine
maint00002210,trk00112,2024-03-27,inspection,133749,0.5,57.44,67.57,125.01,atlanta,39.2,scheduled inspection
maint00002211,trk00032,2024-03-28,engine,100902,2.2,231.64,2956.18,3187.82,salt lake city,35.9,routine engine
maint00002212,trk00091,2024-03-28,engine,469396,2.4,204.38,1544.11,1748.49,minneapolis,20.0,emergency engine
maint00002213,trk00102,2024-03-29,tire,146389,6.3,674.96,2289.92,2964.88,nashville,2.6,scheduled tire
maint00002214,trk00092,2024-03-29,brake,208563,4.1,430.3,125.96,556.26,salt lake city,9.2,emergency brake
maint00002215,trk00103,2024-03-30,preventive,234859,5.5,641.85,79.92,721.77,atlanta,18.9,routine preventive
maint00002216,trk00073,2024-03-31,transmission,631841,5.1,583.1,469.56,1052.66,indianapolis,6.3,routine transmission
maint00002217,trk00050,2024-03-31,engine,78533,1.8,157.89,2754.09,2911.98,detroit,13.8,emergency engine
maint00002218,trk00039,2024-03-31,preventive,667731,5.7,543.86,71.81,615.67,charlotte,29.2,routine preventive
maint00002219,trk00085,2024-03-31,transmission,245945,0.6,56.74,2248.36,2305.1,phoenix,34.9,routine transmission
maint00002220,trk00058,2024-04-01,brake,183810,2.9,247.34,1925.02,2172.36,oklahoma city,46.4,scheduled brake
maint00002221,trk00078,2024-04-02,repair,635837,5.6,622.2,1603.06,2225.26,miami,18.9,routine repair
maint00002222,trk00007,2024-04-02,repair,256869,1.4,120.55,541.98,662.53,new york,20.4,scheduled repair
maint00002223,trk00022,2024-04-03,brake,678040,6.6,666.79,79.3,746.09,nashville,34.3,routine brake
maint00002224,trk00019,2024-04-03,engine,635678,0.6,66.58,431.37,497.95,dallas,19.0,scheduled engine
maint00002225,trk00030,2024-04-03,brake,363470,3.1,281.91,2399.08,2680.99,houston,5.8,scheduled brake
maint00002226,trk00052,2024-04-03,inspection,640706,5.2,580.97,70.54,651.51,philadelphia,29.6,scheduled inspection
maint00002227,trk00054,2024-04-03,inspection,282038,2.0,186.91,10.96,197.87,columbus,20.9,emergency inspection
maint00002228,trk00027,2024-04-04,transmission,446755,1.4,125.47,2329.01,2454.48,indianapolis,14.9,scheduled transmission
maint00002229,trk00094,2024-04-04,engine,120904,5.2,505.51,975.18,1480.69,dallas,43.7,scheduled engine
maint00002230,trk00053,2024-04-05,repair,440655,4.7,421.12,239.5,660.62,atlanta,23.3,scheduled repair
maint00002231,trk00032,2024-04-06,brake,385048,5.1,441.55,1019.59,1461.14,salt lake city,41.6,scheduled brake
maint00002232,trk00022,2024-04-07,engine,353413,5.2,614.82,3338.89,3953.71,nashville,3.7,emergency engine
maint00002233,trk00105,2024-04-07,tire,385764,5.8,511.84,3398.14,3909.98,new york,47.0,emergency tire
maint00002234,trk00073,2024-04-07,engine,185317,3.8,369.72,3255.46,3625.18,columbus,27.9,scheduled engine
maint00002235,trk00088,2024-04-07,preventive,301199,6.0,582.61,1580.73,2163.34,houston,17.7,routine preventive
maint00002236,trk00004,2024-04-07,inspection,418498,7.2,653.43,62.87,716.3,indianapolis,38.7,routine inspection
maint00002237,trk00038,2024-04-08,brake,266920,5.4,599.33,677.85,1277.18,minneapolis,16.9,emergency brake
maint00002238,trk00069,2024-04-08,brake,476214,1.3,138.32,1944.06,2082.38,atlanta,29.1,scheduled brake
maint00002239,trk00045,2024-04-08,preventive,219845,1.7,169.03,1969.28,2138.31,memphis,24.1,routine preventive
maint00002240,trk00053,2024-04-08,inspection,382972,3.3,351.04,30.23,381.27,seattle,27.4,emergency inspection
maint00002241,trk00036,2024-04-09,repair,211498,6.0,530.25,2272.09,2802.34,minneapolis,21.9,emergency repair
maint00002242,trk00067,2024-04-09,repair,213919,6.0,686.06,811.56,1497.62,los angeles,41.9,emergency repair
maint00002243,trk00045,2024-04-09,brake,520450,4.3,470.7,3459.23,3929.93,milwaukee,45.4,scheduled brake
maint00002244,trk00014,2024-04-10,inspection,164672,3.6,345.51,68.98,414.49,new york,32.6,routine inspection
maint00002245,trk00014,2024-04-10,inspection,693696,4.5,385.96,102.32,488.28,kansas city,22.4,routine inspection
maint00002246,trk00098,2024-04-11,brake,84453,7.9,709.48,3475.82,4185.3,oklahoma city,36.7,scheduled brake
maint00002247,trk00009,2024-04-12,engine,634456,4.9,440.7,1846.75,2287.45,charlotte,19.1,emergency engine
maint00002248,trk00013,2024-04-12,transmission,64378,7.0,814.93,3418.07,4233.0,chicago,39.4,routine transmission
maint00002249,trk00110,2024-04-12,preventive,404539,2.1,209.96,1064.4,1274.36,detroit,13.1,emergency preventive
maint00002250,trk00042,2024-04-12,repair,326913,2.9,293.98,1979.58,2273.56,minneapolis,17.8,routine repair
maint00002251,trk00027,2024-04-13,engine,67008,6.2,753.42,60.94,814.36,denver,13.4,scheduled engine
maint00002252,trk00101,2024-04-13,engine,445344,4.0,438.96,2965.95,3404.91,philadelphia,44.1,routine engine
maint00002253,trk00072,2024-04-13,brake,631394,3.3,358.41,2233.77,2592.18,denver,10.7,routine brake
maint00002254,trk00023,2024-04-13,transmission,174856,2.6,245.71,2178.34,2424.05,miami,13.9,routine transmission
maint00002255,trk00106,2024-04-13,repair,451424,2.2,196.61,1046.58,1243.19,milwaukee,24.7,scheduled repair
maint00002256,trk00018,2024-04-14,brake,162829,3.4,329.59,1792.88,2122.47,seattle,13.7,emergency brake
maint00002257,trk00046,2024-04-14,repair,170064,6.6,660.15,3210.71,3870.86,las vegas,35.0,scheduled repair
maint00002258,trk00059,2024-04-15,tire,279307,6.4,616.47,3302.2,3918.67,oklahoma city,6.6,emergency tire
maint00002259,trk00044,2024-04-15,preventive,607765,5.5,600.5,77.38,677.88,las vegas,41.1,emergency preventive
maint00002260,trk00016,2024-04-15,tire,494452,0.5,58.15,2087.32,2145.47,charlotte,27.3,scheduled tire
maint00002261,trk00050,2024-04-16,inspection,722511,0.5,47.25,27.35,74.6,miami,30.2,emergency inspection
maint00002262,trk00075,2024-04-16,inspection,466658,6.4,653.53,122.48,776.01,las vegas,46.7,scheduled inspection
maint00002263,trk00003,2024-04-19,repair,241153,2.6,222.68,341.69,564.37,portland,41.2,scheduled repair
maint00002264,trk00119,2024-04-19,tire,176590,1.8,212.43,548.64,761.07,nashville,3.6,scheduled tire
maint00002265,trk00045,2024-04-19,inspection,409575,5.2,554.36,41.02,595.38,detroit,32.3,scheduled inspection
maint00002266,trk00108,2024-04-19,preventive,397703,7.4,857.08,2827.67,3684.75,milwaukee,38.5,routine preventive
maint00002267,trk00069,2024-04-21,tire,278353,2.0,179.34,2236.74,2416.08,dallas,15.0,routine tire
maint00002268,trk00081,2024-04-21,engine,274039,2.6,283.14,1551.56,1834.7,atlanta,43.1,scheduled engine
maint00002269,trk00015,2024-04-21,inspection,560884,2.9,338.67,126.68,465.35,philadelphia,16.6,emergency inspection
maint00002270,trk00072,2024-04-22,brake,622575,0.6,59.14,2784.49,2843.63,denver,20.0,scheduled brake
maint00002271,trk00003,2024-04-22,transmission,353580,7.8,780.17,210.0,990.17,salt lake city,6.0,scheduled transmission
maint00002272,trk00120,2024-04-22,transmission,713277,6.0,603.11,2538.02,3141.13,houston,36.0,routine transmission
maint00002273,trk00044,2024-04-23,brake,700445,4.8,515.19,2598.34,3113.53,oklahoma city,8.5,emergency brake
maint00002274,trk00023,2024-04-24,transmission,284908,5.1,546.68,1632.29,2178.97,oklahoma city,25.5,scheduled transmission
maint00002275,trk00094,2024-04-24,brake,606469,3.8,391.88,2358.27,2750.15,las vegas,8.8,routine brake
maint00002276,trk00040,2024-04-24,preventive,131261,0.9,76.66,1946.65,2023.31,houston,30.9,routine preventive
maint00002277,trk00097,2024-04-24,brake,543515,6.7,638.39,3371.15,4009.54,new york,43.8,emergency brake
maint00002278,trk00023,2024-04-25,repair,110275,3.3,308.91,1457.48,1766.39,detroit,18.7,scheduled repair
maint00002279,trk00048,2024-04-26,tire,636477,5.4,555.44,3344.76,3900.2,chicago,41.0,scheduled tire
maint00002280,trk00002,2024-04-26,brake,371558,7.6,691.68,1822.26,2513.94,indianapolis,15.4,scheduled brake
maint00002281,trk00071,2024-04-27,preventive,436945,3.6,410.59,528.6,939.19,kansas city,4.4,emergency preventive
maint00002282,trk00119,2024-04-28,repair,613226,6.7,654.2,2318.05,2972.25,minneapolis,8.4,routine repair
maint00002283,trk00067,2024-04-28,preventive,580309,5.5,623.99,1617.91,2241.9,philadelphia,17.0,emergency preventive
maint00002284,trk00020,2024-04-28,transmission,197219,4.3,406.32,2867.45,3273.77,phoenix,16.2,emergency transmission
maint00002285,trk00005,2024-04-28,inspection,170644,4.7,508.58,54.9,563.48,columbus,28.6,routine inspection
maint00002286,trk00013,2024-04-28,transmission,237908,3.4,295.53,2956.74,3252.27,miami,19.8,scheduled transmission
maint00002287,trk00072,2024-04-29,inspection,412878,5.4,625.96,67.46,693.42,milwaukee,43.0,scheduled inspection
maint00002288,trk00025,2024-04-29,engine,300033,5.9,720.7,2138.09,2858.79,columbus,4.9,emergency engine
maint00002289,trk00088,2024-04-29,tire,333275,7.5,906.62,3141.72,4048.34,philadelphia,22.1,emergency tire
maint00002290,trk00056,2024-04-29,preventive,295069,1.0,123.25,1781.4,1904.65,detroit,16.4,scheduled preventive
maint00002291,trk00110,2024-04-30,repair,603155,1.4,151.99,67.45,219.44,columbus,26.5,emergency repair
maint00002292,trk00096,2024-04-30,preventive,486989,3.9,486.06,2405.99,2892.05,atlanta,36.0,scheduled preventive
maint00002293,trk00057,2024-05-02,transmission,327251,6.0,625.01,1004.76,1629.77,seattle,37.9,emergency transmission
maint00002294,trk00110,2024-05-02,inspection,233912,4.7,484.99,144.92,629.91,columbus,30.7,emergency inspection
maint00002295,trk00092,2024-05-03,inspection,661979,5.0,524.82,0.8,525.62,memphis,26.4,scheduled inspection
maint00002296,trk00025,2024-05-04,preventive,218824,0.8,98.13,3047.38,3145.51,indianapolis,20.0,routine preventive
maint00002297,trk00010,2024-05-05,engine,319494,6.3,551.09,161.95,713.04,houston,31.0,scheduled engine
maint00002298,trk00088,2024-05-06,preventive,106573,5.1,477.1,3056.94,3534.04,nashville,45.5,scheduled preventive
maint00002299,trk00048,2024-05-06,tire,600687,3.7,432.83,3489.95,3922.78,kansas city,46.4,emergency tire
maint00002300,trk00053,2024-05-06,brake,395344,6.9,716.79,503.03,1219.82,kansas city,28.6,scheduled brake
maint00002301,trk00013,2024-05-06,preventive,514848,3.6,390.36,443.88,834.24,las vegas,39.4,routine preventive
maint00002302,trk00060,2024-05-08,engine,208155,6.1,547.02,979.57,1526.59,kansas city,32.2,routine engine
maint00002303,trk00076,2024-05-08,brake,678885,5.4,459.08,2960.99,3420.07,indianapolis,24.5,routine brake
maint00002304,trk00087,2024-05-09,brake,466092,6.5,574.37,1683.16,2257.53,charlotte,32.0,emergency brake
maint00002305,trk00012,2024-05-09,transmission,377978,1.5,173.79,1154.22,1328.01,philadelphia,42.4,scheduled transmission
maint00002306,trk00039,2024-05-09,transmission,134059,2.0,182.65,3472.39,3655.04,charlotte,8.5,scheduled transmission
maint00002307,trk00017,2024-05-09,repair,272669,7.8,737.06,1377.09,2114.15,denver,22.1,emergency repair
maint00002308,trk00044,2024-05-09,transmission,598749,2.4,265.96,2266.7,2532.66,atlanta,37.7,emergency transmission
maint00002309,trk00006,2024-05-09,repair,131363,4.5,525.86,931.47,1457.33,memphis,4.8,scheduled repair
maint00002310,trk00109,2024-05-10,engine,159777,4.8,434.32,2022.17,2456.49,milwaukee,35.4,emergency engine
maint00002311,trk00017,2024-05-11,engine,122412,5.0,606.94,1546.99,2153.93,oklahoma city,31.5,emergency engine
maint00002312,trk00113,2024-05-12,preventive,444740,0.7,79.53,121.17,200.7,detroit,20.3,routine preventive
maint00002313,trk00066,2024-05-12,transmission,526166,1.0,103.99,605.66,709.65,denver,39.4,emergency transmission
maint00002314,trk00018,2024-05-12,tire,58947,6.0,659.23,1160.64,1819.87,philadelphia,32.4,emergency tire
maint00002315,trk00083,2024-05-12,inspection,703793,5.7,531.95,14.69,546.64,portland,7.0,scheduled inspection
maint00002316,trk00014,2024-05-13,engine,727769,1.5,146.34,2142.63,2288.97,denver,9.9,scheduled engine
maint00002317,trk00022,2024-05-13,repair,552954,6.8,665.84,3413.34,4079.18,oklahoma city,17.6,emergency repair
maint00002318,trk00052,2024-05-15,engine,177012,2.0,216.42,868.94,1085.36,miami,31.4,scheduled engine
maint00002319,trk00014,2024-05-15,transmission,262169,7.4,666.25,2724.25,3390.5,denver,7.9,emergency transmission
maint00002320,trk00027,2024-05-17,engine,306979,4.2,459.71,2567.29,3027.0,portland,15.7,scheduled engine
maint00002321,trk00007,2024-05-17,brake,89955,2.8,296.55,423.11,719.66,seattle,13.2,emergency brake
maint00002322,trk00054,2024-05-17,brake,610632,4.2,436.86,80.96,517.82,milwaukee,15.6,emergency brake
maint00002323,trk00008,2024-05-18,transmission,399012,4.6,473.33,657.1,1130.43,denver,42.4,emergency transmission
maint00002324,trk00080,2024-05-18,tire,663630,2.0,214.76,3298.29,3513.05,salt lake city,32.3,routine tire
maint00002325,trk00099,2024-05-20,transmission,275747,5.6,571.7,2733.25,3304.95,columbus,9.5,scheduled transmission
maint00002326,trk00090,2024-05-20,engine,372896,0.8,80.63,3178.32,3258.95,minneapolis,3.6,scheduled engine
maint00002327,trk00009,2024-05-20,engine,236038,2.0,216.68,514.3,730.98,las vegas,16.8,scheduled engine
maint00002328,trk00084,2024-05-20,preventive,320874,2.3,266.06,674.35,940.41,detroit,3.4,scheduled preventive
maint00002329,trk00095,2024-05-21,preventive,353662,5.6,594.98,3263.84,3858.82,chicago,36.5,routine preventive
maint00002330,trk00015,2024-05-22,inspection,552381,4.8,544.87,102.3,647.17,charlotte,46.3,routine inspection
maint00002331,trk00101,2024-05-22,preventive,264181,3.7,410.63,76.53,487.16,seattle,43.0,emergency preventive
maint00002332,trk00114,2024-05-22,transmission,57351,3.0,350.26,2914.17,3264.43,charlotte,47.0,emergency transmission
maint00002333,trk00056,2024-05-23,repair,89461,2.4,227.11,1339.23,1566.34,miami,6.4,scheduled repair
maint00002334,trk00018,2024-05-23,transmission,707673,6.8,593.72,1868.97,2462.69,kansas city,8.3,scheduled transmission
maint00002335,trk00114,2024-05-24,inspection,181728,6.7,825.68,121.23,946.91,las vegas,37.4,emergency inspection
maint00002336,trk00029,2024-05-25,inspection,177096,0.8,91.46,70.81,162.27,atlanta,43.9,routine inspection
maint00002337,trk00040,2024-05-25,transmission,155542,5.1,499.14,3368.7,3867.84,los angeles,19.2,scheduled transmission
maint00002338,trk00061,2024-05-26,transmission,736343,5.8,582.93,325.52,908.45,omaha,4.7,routine transmission
maint00002339,trk00087,2024-05-26,inspection,528076,4.2,408.42,140.99,549.41,oklahoma city,16.2,routine inspection
maint00002340,trk00037,2024-05-27,inspection,576672,3.0,309.17,77.87,387.04,salt lake city,23.5,scheduled inspection
maint00002341,trk00076,2024-05-27,brake,578156,6.6,774.35,1722.78,2497.13,philadelphia,4.2,emergency brake
maint00002342,trk00075,2024-05-27,inspection,416758,4.8,529.75,118.31,648.06,philadelphia,22.0,routine inspection
maint00002343,trk00113,2024-05-27,tire,593119,5.8,645.67,502.64,1148.31,los angeles,20.9,emergency tire
maint00002344,trk00030,2024-05-28,inspection,388354,5.7,699.9,70.31,770.21,las vegas,6.8,emergency inspection
maint00002345,trk00088,2024-05-28,preventive,279554,3.4,419.84,3141.2,3561.04,salt lake city,9.8,routine preventive
maint00002346,trk00044,2024-05-28,tire,509665,4.7,490.55,1284.89,1775.44,milwaukee,28.7,routine tire
maint00002347,trk00115,2024-05-29,inspection,478003,3.7,431.7,73.37,505.07,philadelphia,11.2,emergency inspection
maint00002348,trk00075,2024-05-29,brake,117377,6.9,809.49,3040.4,3849.89,memphis,28.0,routine brake
maint00002349,trk00028,2024-05-29,engine,74394,2.3,255.57,2442.02,2697.59,columbus,43.4,scheduled engine
maint00002350,trk00087,2024-05-29,brake,237575,6.4,666.48,1062.0,1728.48,detroit,4.5,emergency brake
maint00002351,trk00091,2024-05-29,brake,298974,4.4,499.94,2238.48,2738.42,memphis,19.3,routine brake
maint00002352,trk00041,2024-05-30,inspection,120222,4.8,416.98,128.25,545.23,chicago,45.9,emergency inspection
maint00002353,trk00023,2024-05-30,brake,419158,1.0,93.91,1261.39,1355.3,charlotte,23.1,routine brake
maint00002354,trk00032,2024-05-30,repair,267752,4.8,589.58,1795.57,2385.15,columbus,32.5,routine repair
maint00002355,trk00100,2024-05-31,tire,599930,1.4,119.51,1090.2,1209.71,salt lake city,23.2,routine tire
maint00002356,trk00091,2024-05-31,repair,742041,5.6,522.47,3365.1,3887.57,milwaukee,5.2,emergency repair
maint00002357,trk00023,2024-06-01,engine,385908,6.5,688.74,1463.17,2151.91,phoenix,16.4,scheduled engine
maint00002358,trk00002,2024-06-01,preventive,536626,7.7,821.82,3104.68,3926.5,minneapolis,38.9,emergency preventive
maint00002359,trk00055,2024-06-01,tire,627197,7.4,816.26,1954.96,2771.22,omaha,36.2,scheduled tire
maint00002360,trk00099,2024-06-01,brake,269752,1.2,115.05,2089.61,2204.66,seattle,19.5,emergency brake
maint00002361,trk00115,2024-06-01,transmission,593963,4.8,506.62,698.95,1205.57,oklahoma city,18.1,scheduled transmission
maint00002362,trk00111,2024-06-02,repair,257624,5.0,476.3,405.46,881.76,portland,14.5,routine repair
maint00002363,trk00113,2024-06-02,inspection,419844,7.7,682.11,129.92,812.03,seattle,21.7,emergency inspection
maint00002364,trk00081,2024-06-03,brake,351230,0.9,106.85,3264.42,3371.27,atlanta,10.1,scheduled brake
maint00002365,trk00004,2024-06-04,tire,177031,5.5,580.28,2698.36,3278.64,omaha,37.5,routine tire
maint00002366,trk00055,2024-06-04,inspection,546216,3.8,406.5,106.83,513.33,milwaukee,42.5,routine inspection
maint00002367,trk00114,2024-06-04,repair,519025,5.9,713.42,232.59,946.01,seattle,22.2,scheduled repair
maint00002368,trk00052,2024-06-04,engine,681912,3.7,346.85,228.33,575.18,dallas,16.4,scheduled engine
maint00002369,trk00046,2024-06-04,preventive,572514,7.7,714.74,1878.53,2593.27,oklahoma city,33.8,emergency preventive
maint00002370,trk00055,2024-06-04,transmission,70538,4.5,403.97,2400.16,2804.13,denver,6.3,scheduled transmission
maint00002371,trk00110,2024-06-06,preventive,556758,4.8,412.23,2742.87,3155.1,phoenix,8.4,emergency preventive
maint00002372,trk00118,2024-06-06,preventive,705347,1.6,145.63,2733.55,2879.18,charlotte,3.0,routine preventive
maint00002373,trk00041,2024-06-07,transmission,227261,2.9,319.86,2017.25,2337.11,miami,11.8,scheduled transmission
maint00002374,trk00094,2024-06-07,transmission,431224,7.6,724.51,1637.63,2362.14,philadelphia,47.5,emergency transmission
maint00002375,trk00107,2024-06-07,engine,497724,3.3,330.08,1873.82,2203.9,charlotte,7.9,scheduled engine
maint00002376,trk00079,2024-06-07,transmission,669939,6.6,600.62,2201.51,2802.13,omaha,7.3,routine transmission
maint00002377,trk00095,2024-06-07,repair,476392,5.3,495.79,2501.39,2997.18,miami,9.4,routine repair
maint00002378,trk00026,2024-06-07,brake,130802,7.4,657.46,2348.29,3005.75,milwaukee,2.3,routine brake
maint00002379,trk00026,2024-06-08,brake,525252,8.0,891.22,2628.87,3520.09,columbus,45.9,scheduled brake
maint00002380,trk00089,2024-06-08,engine,168436,7.3,890.79,82.78,973.57,miami,39.7,scheduled engine
maint00002381,trk00119,2024-06-08,tire,171518,0.9,98.41,1573.62,1672.03,detroit,2.1,scheduled tire
maint00002382,trk00002,2024-06-09,tire,267169,5.0,597.33,1028.85,1626.18,memphis,7.4,routine tire
maint00002383,trk00072,2024-06-09,preventive,747256,3.4,326.57,2340.77,2667.34,portland,26.2,emergency preventive
maint00002384,trk00024,2024-06-09,transmission,742845,0.5,44.05,2141.92,2185.97,kansas city,47.3,routine transmission
maint00002385,trk00042,2024-06-10,transmission,167239,4.7,472.95,2804.72,3277.67,milwaukee,21.2,scheduled transmission
maint00002386,trk00051,2024-06-10,repair,261298,5.1,589.98,3202.83,3792.81,nashville,22.5,routine repair
maint00002387,trk00068,2024-06-10,repair,578291,0.5,43.28,1312.7,1355.98,salt lake city,2.3,scheduled repair
maint00002388,trk00064,2024-06-11,inspection,416648,5.5,668.17,44.89,713.06,new york,44.1,routine inspection
maint00002389,trk00030,2024-06-11,transmission,424915,0.6,65.1,203.74,268.84,portland,10.4,emergency transmission
maint00002390,trk00106,2024-06-11,tire,110507,5.1,586.46,628.62,1215.08,memphis,45.4,scheduled tire
maint00002391,trk00106,2024-06-11,tire,100866,6.3,769.37,1403.33,2172.7,chicago,41.7,scheduled tire
maint00002392,trk00079,2024-06-12,tire,222760,2.9,330.68,1894.63,2225.31,seattle,35.6,emergency tire
maint00002393,trk00057,2024-06-12,repair,246303,1.3,136.76,942.71,1079.47,atlanta,35.9,scheduled repair
maint00002394,trk00092,2024-06-13,transmission,631818,1.9,234.44,256.17,490.61,las vegas,27.5,emergency transmission
maint00002395,trk00097,2024-06-13,transmission,509120,4.4,460.38,1289.17,1749.55,seattle,33.5,scheduled transmission
maint00002396,trk00009,2024-06-13,repair,500024,2.6,239.41,2376.12,2615.53,milwaukee,44.8,routine repair
maint00002397,trk00042,2024-06-13,brake,99796,2.0,213.95,2279.22,2493.17,philadelphia,38.5,emergency brake
maint00002398,trk00090,2024-06-14,tire,587341,2.9,322.36,462.09,784.45,denver,13.8,scheduled tire
maint00002399,trk00040,2024-06-14,tire,649470,7.9,674.32,1850.42,2524.74,miami,9.7,emergency tire
maint00002400,trk00037,2024-06-15,preventive,77265,2.3,279.13,2293.98,2573.11,miami,38.8,routine preventive
maint00002401,trk00028,2024-06-15,brake,720198,0.6,64.78,1273.22,1338.0,chicago,33.5,scheduled brake
maint00002402,trk00117,2024-06-16,engine,710524,4.0,371.03,2514.66,2885.69,miami,16.3,routine engine
maint00002403,trk00041,2024-06-16,inspection,727878,5.6,529.93,105.24,635.17,minneapolis,9.1,scheduled inspection
maint00002404,trk00082,2024-06-16,tire,487620,2.3,283.55,1438.09,1721.64,oklahoma city,39.8,routine tire
maint00002405,trk00020,2024-06-16,preventive,96451,2.2,245.26,2980.48,3225.74,new york,38.9,scheduled preventive
maint00002406,trk00005,2024-06-17,brake,237075,6.6,807.09,551.52,1358.61,kansas city,11.5,routine brake
maint00002407,trk00029,2024-06-17,repair,648344,5.0,602.75,3148.37,3751.12,las vegas,19.2,emergency repair
maint00002408,trk00023,2024-06-17,preventive,196597,1.7,150.87,284.71,435.58,minneapolis,31.5,emergency preventive
maint00002409,trk00033,2024-06-17,brake,586301,1.9,223.6,2254.35,2477.95,kansas city,33.6,scheduled brake
maint00002410,trk00042,2024-06-17,tire,202031,6.1,683.62,2101.91,2785.53,detroit,7.4,scheduled tire
maint00002411,trk00119,2024-06-17,transmission,442752,4.1,466.17,2170.67,2636.84,dallas,4.9,scheduled transmission
maint00002412,trk00078,2024-06-17,engine,544259,2.9,346.4,404.87,751.27,dallas,20.3,scheduled engine
maint00002413,trk00103,2024-06-18,tire,51912,0.7,81.2,2403.07,2484.27,detroit,43.4,routine tire
maint00002414,trk00085,2024-06-18,inspection,439351,7.1,663.27,32.29,695.56,houston,33.2,routine inspection
maint00002415,trk00111,2024-06-18,transmission,448891,1.5,159.95,1889.86,2049.81,atlanta,43.6,scheduled transmission
maint00002416,trk00075,2024-06-19,transmission,213505,3.7,394.21,1743.18,2137.39,omaha,14.2,emergency transmission
maint00002417,trk00038,2024-06-19,brake,546943,6.3,688.92,290.29,979.21,milwaukee,42.9,emergency brake
maint00002418,trk00075,2024-06-20,inspection,281929,2.7,261.07,119.45,380.52,miami,7.5,emergency inspection
maint00002419,trk00112,2024-06-20,tire,623299,1.2,113.32,1938.85,2052.17,chicago,16.9,routine tire
maint00002420,trk00082,2024-06-20,brake,64034,7.1,874.02,1829.51,2703.53,miami,15.3,routine brake
maint00002421,trk00051,2024-06-20,inspection,469629,3.7,415.54,66.62,482.16,nashville,47.2,scheduled inspection
maint00002422,trk00091,2024-06-21,brake,68603,6.3,629.92,2111.46,2741.38,las vegas,28.2,scheduled brake
maint00002423,trk00112,2024-06-21,inspection,458831,1.0,120.67,107.07,227.74,charlotte,2.9,emergency inspection
maint00002424,trk00080,2024-06-21,preventive,554488,2.3,241.28,1344.04,1585.32,milwaukee,17.0,scheduled preventive
maint00002425,trk00038,2024-06-22,engine,408141,1.5,157.81,2143.27,2301.08,los angeles,38.1,scheduled engine
maint00002426,trk00069,2024-06-22,transmission,490403,2.2,266.4,1848.81,2115.21,denver,27.4,routine transmission
maint00002427,trk00035,2024-06-22,preventive,628390,2.5,276.73,203.67,480.4,new york,41.1,scheduled preventive
maint00002428,trk00055,2024-06-22,transmission,166390,2.4,245.5,2343.13,2588.63,minneapolis,43.1,scheduled transmission
maint00002429,trk00026,2024-06-23,preventive,142597,3.0,256.46,2740.7,2997.16,dallas,41.8,emergency preventive
maint00002430,trk00024,2024-06-23,repair,710413,5.5,476.48,723.32,1199.8,philadelphia,32.0,emergency repair
maint00002431,trk00094,2024-06-24,transmission,71594,3.1,367.09,3109.34,3476.43,miami,23.4,scheduled transmission
maint00002432,trk00007,2024-06-24,inspection,393128,4.9,474.15,137.07,611.22,minneapolis,21.8,emergency inspection
maint00002433,trk00038,2024-06-24,engine,95460,2.0,219.78,1743.78,1963.56,chicago,16.1,scheduled engine
maint00002434,trk00117,2024-06-24,engine,385379,6.6,652.87,836.82,1489.69,milwaukee,5.7,scheduled engine
maint00002435,trk00012,2024-06-24,brake,179468,7.2,807.85,2631.86,3439.71,denver,15.1,routine brake
maint00002436,trk00014,2024-06-25,repair,223836,7.4,794.99,2229.43,3024.42,charlotte,31.8,scheduled repair
maint00002437,trk00067,2024-06-25,transmission,726147,3.6,324.05,1387.44,1711.49,phoenix,7.7,scheduled transmission
maint00002438,trk00050,2024-06-26,inspection,692147,1.9,217.19,127.47,344.66,atlanta,8.8,emergency inspection
maint00002439,trk00048,2024-06-26,repair,66820,6.7,776.72,2482.51,3259.23,los angeles,32.3,scheduled repair
maint00002440,trk00088,2024-06-26,preventive,544625,2.4,214.92,529.4,744.32,detroit,27.4,emergency preventive
maint00002441,trk00066,2024-06-27,tire,401329,5.5,680.79,181.73,862.52,nashville,13.3,routine tire
maint00002442,trk00064,2024-06-27,preventive,247944,4.0,449.9,2874.55,3324.45,omaha,32.5,routine preventive
maint00002443,trk00025,2024-06-27,inspection,691976,1.1,109.31,5.95,115.26,minneapolis,24.9,scheduled inspection
maint00002444,trk00040,2024-06-27,brake,89281,4.6,411.98,751.02,1163.0,chicago,4.1,scheduled brake
maint00002445,trk00003,2024-06-27,preventive,99370,1.0,115.53,2495.37,2610.9,los angeles,17.5,scheduled preventive
maint00002446,trk00054,2024-06-27,brake,74924,3.1,343.95,983.19,1327.14,philadelphia,5.1,emergency brake
maint00002447,trk00050,2024-06-28,transmission,272543,0.8,69.23,1396.4,1465.63,dallas,18.7,scheduled transmission
maint00002448,trk00065,2024-06-28,brake,363599,6.0,693.94,1189.05,1882.99,chicago,38.8,emergency brake
maint00002449,trk00080,2024-06-28,engine,736941,1.4,138.29,120.72,259.01,salt lake city,18.3,emergency engine
maint00002450,trk00072,2024-06-29,repair,419886,1.5,147.6,247.78,395.38,chicago,33.1,routine repair
maint00002451,trk00073,2024-06-29,transmission,723532,1.3,117.03,1802.31,1919.34,columbus,14.0,routine transmission
maint00002452,trk00070,2024-06-29,tire,558364,0.7,68.6,1510.09,1578.69,las vegas,41.0,routine tire
maint00002453,trk00032,2024-06-29,preventive,656612,0.6,55.92,2225.04,2280.96,philadelphia,6.3,scheduled preventive
maint00002454,trk00069,2024-06-29,repair,373200,2.5,265.46,2221.91,2487.37,indianapolis,13.7,scheduled repair
maint00002455,trk00082,2024-06-29,repair,741791,4.2,447.14,907.02,1354.16,los angeles,43.2,emergency repair
maint00002456,trk00021,2024-06-30,repair,600293,2.0,189.37,1396.49,1585.86,indianapolis,30.3,emergency repair
maint00002457,trk00013,2024-06-30,tire,263276,5.1,581.52,482.2,1063.72,las vegas,21.5,scheduled tire
maint00002458,trk00029,2024-07-01,preventive,491499,2.1,236.36,2928.91,3165.27,houston,39.5,scheduled preventive
maint00002459,trk00025,2024-07-01,inspection,63553,1.7,146.83,57.9,204.73,seattle,31.0,routine inspection
maint00002460,trk00010,2024-07-01,repair,680368,5.5,625.58,2743.9,3369.48,minneapolis,27.6,scheduled repair
maint00002461,trk00066,2024-07-02,transmission,688974,4.2,497.11,2326.68,2823.79,dallas,45.4,emergency transmission
maint00002462,trk00089,2024-07-02,tire,466463,7.3,784.9,2599.85,3384.75,kansas city,35.4,emergency tire
maint00002463,trk00048,2024-07-03,engine,242138,7.4,647.85,341.23,989.08,columbus,26.4,scheduled engine
maint00002464,trk00119,2024-07-03,inspection,651144,3.6,331.49,13.33,344.82,los angeles,35.2,routine inspection
maint00002465,trk00077,2024-07-04,transmission,154374,3.1,336.84,1535.69,1872.53,los angeles,20.8,emergency transmission
maint00002466,trk00067,2024-07-04,inspection,570599,6.8,815.41,10.71,826.12,dallas,32.6,scheduled inspection
maint00002467,trk00017,2024-07-04,transmission,472706,1.0,104.44,1508.99,1613.43,oklahoma city,15.0,scheduled transmission
maint00002468,trk00077,2024-07-05,engine,50454,1.8,212.06,988.49,1200.55,indianapolis,26.4,routine engine
maint00002469,trk00071,2024-07-05,preventive,574689,0.8,88.03,1222.44,1310.47,milwaukee,38.3,scheduled preventive
maint00002470,trk00075,2024-07-05,inspection,483990,2.0,222.67,19.98,242.65,denver,10.9,scheduled inspection
maint00002471,trk00013,2024-07-05,brake,211740,3.5,415.77,3342.09,3757.86,minneapolis,48.0,routine brake
maint00002472,trk00033,2024-07-07,transmission,576774,3.9,413.66,2581.77,2995.43,detroit,36.2,emergency transmission
maint00002473,trk00117,2024-07-07,engine,233547,6.1,537.28,3223.93,3761.21,dallas,20.0,emergency engine
maint00002474,trk00054,2024-07-07,brake,688774,1.7,160.89,1757.45,1918.34,portland,46.5,emergency brake
maint00002475,trk00020,2024-07-08,engine,318777,1.6,138.15,2251.56,2389.71,atlanta,18.5,routine engine
maint00002476,trk00032,2024-07-08,brake,658050,3.3,282.82,1110.97,1393.79,detroit,10.8,emergency brake
maint00002477,trk00065,2024-07-08,preventive,329997,5.6,547.35,3007.39,3554.74,seattle,17.1,emergency preventive
maint00002478,trk00104,2024-07-08,tire,575067,5.3,656.43,826.97,1483.4,atlanta,47.9,scheduled tire
maint00002479,trk00087,2024-07-08,engine,181660,6.8,661.42,3320.23,3981.65,miami,26.6,routine engine
maint00002480,trk00102,2024-07-09,inspection,632874,7.1,791.64,67.26,858.9,atlanta,21.5,routine inspection
maint00002481,trk00012,2024-07-09,repair,712813,6.0,596.6,1676.94,2273.54,miami,20.2,scheduled repair
maint00002482,trk00111,2024-07-11,transmission,607783,4.0,438.7,3049.07,3487.77,phoenix,25.6,emergency transmission
maint00002483,trk00062,2024-07-12,repair,654844,0.9,84.19,3404.92,3489.11,nashville,4.0,scheduled repair
maint00002484,trk00040,2024-07-12,transmission,104121,7.6,938.56,2404.96,3343.52,seattle,38.8,emergency transmission
maint00002485,trk00084,2024-07-13,brake,379456,6.6,734.05,109.2,843.25,los angeles,21.5,routine brake
maint00002486,trk00025,2024-07-14,brake,674914,7.2,765.64,3056.91,3822.55,kansas city,43.9,emergency brake
maint00002487,trk00062,2024-07-14,inspection,471651,7.5,892.76,52.5,945.26,minneapolis,38.0,scheduled inspection
maint00002488,trk00061,2024-07-15,inspection,260966,6.1,729.34,1.44,730.78,las vegas,36.3,emergency inspection
maint00002489,trk00069,2024-07-15,repair,74409,7.6,943.18,1057.17,2000.35,indianapolis,3.2,scheduled repair
maint00002490,trk00020,2024-07-15,transmission,679585,8.0,899.64,1043.89,1943.53,memphis,25.7,emergency transmission
maint00002491,trk00026,2024-07-15,engine,535330,2.9,256.8,2117.99,2374.79,memphis,41.0,scheduled engine
maint00002492,trk00032,2024-07-16,engine,588296,5.3,496.53,2504.15,3000.68,chicago,11.0,scheduled engine
maint00002493,trk00092,2024-07-16,inspection,114462,4.8,487.83,129.21,617.04,atlanta,17.8,emergency inspection
maint00002494,trk00044,2024-07-16,brake,59305,7.2,725.67,1867.66,2593.33,oklahoma city,2.7,emergency brake
maint00002495,trk00119,2024-07-17,preventive,713978,3.7,348.13,531.49,879.62,charlotte,34.7,scheduled preventive
maint00002496,trk00062,2024-07-18,transmission,593405,0.7,84.31,202.05,286.36,charlotte,4.8,scheduled transmission
maint00002497,trk00003,2024-07-18,preventive,351420,2.7,286.03,1767.5,2053.53,new york,25.8,routine preventive
maint00002498,trk00060,2024-07-18,inspection,139126,5.1,486.66,41.16,527.82,charlotte,22.9,scheduled inspection
maint00002499,trk00100,2024-07-18,preventive,681205,4.3,377.01,1383.35,1760.36,minneapolis,9.7,routine preventive
maint00002500,trk00054,2024-07-19,brake,558140,7.0,768.96,3378.24,4147.2,denver,29.8,scheduled brake
maint00002501,trk00004,2024-07-20,inspection,222708,2.7,255.66,35.8,291.46,philadelphia,8.5,emergency inspection
maint00002502,trk00105,2024-07-20,tire,531497,3.4,331.03,1402.7,1733.73,nashville,26.9,scheduled tire
maint00002503,trk00113,2024-07-20,preventive,311859,7.7,801.89,828.21,1630.1,las vegas,46.9,scheduled preventive
maint00002504,trk00050,2024-07-20,engine,66290,0.8,90.21,583.33,673.54,nashville,11.0,routine engine
maint00002505,trk00068,2024-07-21,inspection,417576,2.2,190.05,87.4,277.45,miami,32.5,emergency inspection
maint00002506,trk00091,2024-07-21,inspection,206695,6.1,620.93,84.26,705.19,minneapolis,9.2,routine inspection
maint00002507,trk00065,2024-07-21,engine,74931,2.6,241.89,3042.27,3284.16,portland,22.0,emergency engine
maint00002508,trk00088,2024-07-22,preventive,619031,7.9,775.24,658.12,1433.36,chicago,38.0,emergency preventive
maint00002509,trk00047,2024-07-22,brake,326977,1.5,170.22,1522.8,1693.02,indianapolis,33.0,routine brake
maint00002510,trk00077,2024-07-23,engine,244401,4.9,482.87,1720.67,2203.54,oklahoma city,2.7,emergency engine
maint00002511,trk00013,2024-07-23,tire,159378,3.9,375.27,2635.87,3011.14,milwaukee,8.7,emergency tire
maint00002512,trk00097,2024-07-24,transmission,336426,2.3,270.04,1090.89,1360.93,detroit,46.8,routine transmission
maint00002513,trk00057,2024-07-24,repair,294127,5.4,464.39,1317.13,1781.52,las vegas,6.7,emergency repair
maint00002514,trk00062,2024-07-25,transmission,459208,6.9,735.58,2888.72,3624.3,houston,46.4,scheduled transmission
maint00002515,trk00051,2024-07-26,repair,504395,5.9,574.23,2690.61,3264.84,milwaukee,40.8,emergency repair
maint00002516,trk00002,2024-07-26,tire,104847,4.4,526.29,1347.05,1873.34,miami,3.5,scheduled tire
maint00002517,trk00063,2024-07-26,repair,320016,7.3,761.5,997.38,1758.88,miami,5.0,scheduled repair
maint00002518,trk00073,2024-07-26,inspection,271301,0.8,84.61,113.83,198.44,miami,4.4,emergency inspection
maint00002519,trk00080,2024-07-26,repair,325426,0.8,82.47,1020.0,1102.47,denver,7.9,emergency repair
maint00002520,trk00045,2024-07-27,inspection,304395,4.9,544.23,75.71,619.94,dallas,47.4,emergency inspection
maint00002521,trk00052,2024-07-27,repair,699960,1.6,157.1,2307.48,2464.58,las vegas,32.9,routine repair
maint00002522,trk00004,2024-07-28,inspection,342164,5.1,461.86,89.04,550.9,memphis,7.0,routine inspection
maint00002523,trk00030,2024-07-29,brake,682574,5.7,645.46,659.39,1304.85,philadelphia,13.3,routine brake
maint00002524,trk00032,2024-07-29,repair,617076,6.9,603.2,266.06,869.26,memphis,39.3,emergency repair
maint00002525,trk00013,2024-07-29,engine,62601,4.0,400.21,276.76,676.97,denver,25.5,emergency engine
maint00002526,trk00095,2024-07-30,tire,690223,1.8,166.59,640.27,806.86,new york,26.3,emergency tire
maint00002527,trk00075,2024-07-30,brake,493007,7.9,901.74,1342.88,2244.62,atlanta,25.9,scheduled brake
maint00002528,trk00116,2024-07-31,tire,248466,5.9,503.61,2994.3,3497.91,phoenix,41.3,emergency tire
maint00002529,trk00089,2024-08-01,brake,152201,7.3,636.61,3139.19,3775.8,las vegas,13.7,emergency brake
maint00002530,trk00070,2024-08-01,tire,651093,7.0,737.6,1963.55,2701.15,memphis,30.3,scheduled tire
maint00002531,trk00097,2024-08-01,preventive,147108,1.2,133.61,2747.54,2881.15,miami,16.7,scheduled preventive
maint00002532,trk00092,2024-08-01,repair,644465,6.4,582.65,3310.4,3893.05,phoenix,47.5,scheduled repair
maint00002533,trk00033,2024-08-02,tire,314873,3.4,348.47,2166.77,2515.24,columbus,47.7,emergency tire
maint00002534,trk00071,2024-08-03,engine,653749,3.2,343.74,2475.44,2819.18,detroit,2.7,routine engine
maint00002535,trk00063,2024-08-03,tire,341580,5.1,572.37,1117.05,1689.42,phoenix,46.1,emergency tire
maint00002536,trk00072,2024-08-03,transmission,70062,4.6,460.66,1295.04,1755.7,portland,36.9,routine transmission
maint00002537,trk00119,2024-08-03,inspection,603018,6.6,776.98,138.47,915.45,columbus,45.6,scheduled inspection
maint00002538,trk00104,2024-08-04,preventive,394808,1.4,155.83,2580.04,2735.87,charlotte,18.8,routine preventive
maint00002539,trk00118,2024-08-04,engine,557766,6.5,596.06,2929.27,3525.33,phoenix,45.9,emergency engine
maint00002540,trk00085,2024-08-05,engine,281572,4.2,501.55,220.01,721.56,las vegas,22.5,routine engine
maint00002541,trk00038,2024-08-05,brake,348381,1.1,122.36,3144.12,3266.48,kansas city,46.0,scheduled brake
maint00002542,trk00113,2024-08-06,tire,511084,2.1,243.96,990.57,1234.53,new york,5.4,scheduled tire
maint00002543,trk00061,2024-08-08,preventive,493328,4.0,456.01,2096.5,2552.51,indianapolis,45.8,scheduled preventive
maint00002544,trk00004,2024-08-08,repair,211955,2.6,229.29,2561.88,2791.17,omaha,19.2,routine repair
maint00002545,trk00013,2024-08-08,engine,116352,5.9,610.16,680.15,1290.31,charlotte,24.3,routine engine
maint00002546,trk00001,2024-08-09,brake,593738,3.0,281.6,153.15,434.75,oklahoma city,31.5,emergency brake
maint00002547,trk00047,2024-08-09,repair,388576,3.6,358.08,1434.54,1792.62,milwaukee,7.7,routine repair
maint00002548,trk00023,2024-08-10,inspection,204339,0.9,103.94,1.45,105.39,indianapolis,6.3,scheduled inspection
maint00002549,trk00009,2024-08-10,brake,308630,7.2,691.29,1742.04,2433.33,miami,8.6,routine brake
maint00002550,trk00017,2024-08-10,preventive,510533,3.8,340.21,2739.21,3079.42,houston,44.6,scheduled preventive
maint00002551,trk00007,2024-08-10,inspection,166346,4.6,558.78,134.95,693.73,los angeles,23.4,emergency inspection
maint00002552,trk00020,2024-08-11,transmission,121890,2.5,267.81,2430.21,2698.02,los angeles,44.7,routine transmission
maint00002553,trk00023,2024-08-11,brake,324178,2.4,267.2,2787.95,3055.15,miami,31.6,scheduled brake
maint00002554,trk00072,2024-08-11,tire,179431,3.3,346.13,985.09,1331.22,salt lake city,7.1,emergency tire
maint00002555,trk00068,2024-08-11,repair,404834,6.2,576.56,1850.15,2426.71,indianapolis,31.2,emergency repair
maint00002556,trk00083,2024-08-12,preventive,727779,3.3,345.24,2218.51,2563.75,oklahoma city,16.8,emergency preventive
maint00002557,trk00120,2024-08-12,transmission,736303,1.3,117.93,743.15,861.08,philadelphia,47.3,scheduled transmission
maint00002558,trk00038,2024-08-12,tire,292356,1.9,207.17,655.75,862.92,charlotte,12.3,emergency tire
maint00002559,trk00112,2024-08-12,transmission,555471,1.8,207.15,821.42,1028.57,minneapolis,37.3,emergency transmission
maint00002560,trk00015,2024-08-13,inspection,604689,4.4,390.14,21.54,411.68,salt lake city,13.9,scheduled inspection
maint00002561,trk00085,2024-08-13,tire,719040,5.4,536.15,1929.91,2466.06,dallas,10.9,emergency tire
maint00002562,trk00107,2024-08-14,preventive,528182,2.0,198.88,2595.83,2794.71,phoenix,20.5,scheduled preventive
maint00002563,trk00114,2024-08-14,preventive,416556,1.6,184.39,712.22,896.61,houston,21.2,scheduled preventive
maint00002564,trk00052,2024-08-14,inspection,616743,1.9,161.52,143.08,304.6,seattle,3.4,scheduled inspection
maint00002565,trk00008,2024-08-16,brake,59594,1.6,143.63,1879.6,2023.23,nashville,36.1,emergency brake
maint00002566,trk00089,2024-08-17,transmission,160672,6.9,649.27,1566.09,2215.36,chicago,28.4,emergency transmission
maint00002567,trk00103,2024-08-17,engine,588419,5.6,622.93,3461.78,4084.71,salt lake city,45.8,routine engine
maint00002568,trk00002,2024-08-17,brake,703124,2.4,230.87,972.99,1203.86,charlotte,26.1,scheduled brake
maint00002569,trk00115,2024-08-18,inspection,244465,1.8,224.82,7.95,232.77,chicago,3.1,routine inspection
maint00002570,trk00063,2024-08-18,transmission,536428,3.9,397.71,2044.25,2441.96,miami,25.6,routine transmission
maint00002571,trk00105,2024-08-18,transmission,94396,3.7,410.34,303.05,713.39,phoenix,39.6,scheduled transmission
maint00002572,trk00007,2024-08-19,brake,533172,3.9,368.77,665.4,1034.17,detroit,28.1,scheduled brake
maint00002573,trk00102,2024-08-19,preventive,281037,4.8,488.25,283.96,772.21,las vegas,19.5,scheduled preventive
maint00002574,trk00115,2024-08-19,transmission,453774,7.5,921.97,1083.35,2005.32,las vegas,2.6,emergency transmission
maint00002575,trk00046,2024-08-20,transmission,472696,3.8,458.74,1241.53,1700.27,minneapolis,40.5,scheduled transmission
maint00002576,trk00073,2024-08-20,engine,590720,6.3,742.41,2327.81,3070.22,milwaukee,41.4,routine engine
maint00002577,trk00079,2024-08-20,preventive,386643,2.7,331.93,2153.42,2485.35,columbus,41.4,scheduled preventive
maint00002578,trk00043,2024-08-21,preventive,238295,2.4,296.51,1211.65,1508.16,portland,46.9,routine preventive
maint00002579,trk00092,2024-08-22,transmission,548540,4.5,532.09,2662.53,3194.62,columbus,7.3,emergency transmission
maint00002580,trk00089,2024-08-23,inspection,356301,3.0,313.88,17.05,330.93,salt lake city,23.4,routine inspection
maint00002581,trk00080,2024-08-23,tire,661750,7.6,692.96,2922.6,3615.56,kansas city,37.3,emergency tire
maint00002582,trk00086,2024-08-23,transmission,283928,2.9,356.47,1881.86,2238.33,denver,18.2,scheduled transmission
maint00002583,trk00038,2024-08-24,brake,749875,7.6,771.98,2832.64,3604.62,las vegas,44.6,emergency brake
maint00002584,trk00111,2024-08-24,engine,511829,2.2,195.3,274.74,470.04,memphis,5.2,emergency engine
maint00002585,trk00098,2024-08-25,transmission,120834,5.8,690.69,3090.08,3780.77,indianapolis,27.5,routine transmission
maint00002586,trk00052,2024-08-25,inspection,596137,0.6,59.75,16.01,75.76,los angeles,45.3,routine inspection
maint00002587,trk00073,2024-08-26,transmission,568603,6.5,704.82,1573.04,2277.86,miami,16.4,routine transmission
maint00002588,trk00052,2024-08-27,transmission,715323,4.2,510.72,2014.42,2525.14,indianapolis,13.3,emergency transmission
maint00002589,trk00033,2024-08-27,repair,702753,7.3,694.5,111.0,805.5,omaha,35.7,routine repair
maint00002590,trk00073,2024-08-28,engine,700736,6.8,762.3,1567.11,2329.41,chicago,19.9,emergency engine
maint00002591,trk00030,2024-08-28,preventive,54594,5.8,717.62,2883.21,3600.83,columbus,38.7,routine preventive
maint00002592,trk00006,2024-08-28,transmission,206872,1.1,118.62,459.95,578.57,indianapolis,45.0,emergency transmission
maint00002593,trk00033,2024-08-29,inspection,422643,4.0,382.84,91.16,474.0,new york,9.9,routine inspection
maint00002594,trk00112,2024-08-29,transmission,654334,3.0,285.98,2461.2,2747.18,salt lake city,17.0,routine transmission
maint00002595,trk00090,2024-08-29,brake,316711,0.6,70.92,2443.99,2514.91,detroit,31.4,routine brake
maint00002596,trk00106,2024-08-29,tire,189695,1.5,130.14,527.95,658.09,dallas,9.5,scheduled tire
maint00002597,trk00081,2024-08-30,repair,342408,4.0,340.32,3319.92,3660.24,minneapolis,4.9,routine repair
maint00002598,trk00044,2024-08-30,tire,667523,1.1,126.7,471.78,598.48,las vegas,5.7,emergency tire
maint00002599,trk00096,2024-08-31,repair,663196,4.6,493.18,100.13,593.31,omaha,32.3,emergency repair
maint00002600,trk00062,2024-08-31,repair,397798,5.8,716.39,2881.5,3597.89,minneapolis,2.1,emergency repair
maint00002601,trk00096,2024-09-01,tire,99470,4.1,382.8,891.76,1274.56,las vegas,17.0,emergency tire
maint00002602,trk00079,2024-09-03,transmission,423466,3.2,398.17,3330.97,3729.14,oklahoma city,39.2,scheduled transmission
maint00002603,trk00058,2024-09-04,transmission,172585,1.6,144.66,2087.94,2232.6,columbus,22.4,emergency transmission
maint00002604,trk00096,2024-09-05,preventive,135607,4.1,352.11,1912.55,2264.66,phoenix,35.8,emergency preventive
maint00002605,trk00062,2024-09-05,repair,312945,4.5,529.02,158.94,687.96,philadelphia,13.3,routine repair
maint00002606,trk00106,2024-09-05,inspection,85064,3.3,397.77,113.15,510.92,nashville,6.2,scheduled inspection
maint00002607,trk00021,2024-09-06,engine,594665,7.1,623.99,400.25,1024.24,los angeles,42.9,routine engine
maint00002608,trk00016,2024-09-06,engine,152131,1.8,155.74,3381.29,3537.03,philadelphia,43.1,emergency engine
maint00002609,trk00109,2024-09-06,transmission,52267,0.7,70.06,1991.18,2061.24,salt lake city,2.1,routine transmission
maint00002610,trk00036,2024-09-08,transmission,739926,0.7,79.81,1688.88,1768.69,omaha,17.0,scheduled transmission
maint00002611,trk00008,2024-09-08,engine,515337,4.6,403.06,2423.06,2826.12,memphis,47.0,routine engine
maint00002612,trk00027,2024-09-08,repair,82828,3.9,444.67,657.17,1101.84,philadelphia,47.2,routine repair
maint00002613,trk00038,2024-09-08,transmission,391672,2.6,267.51,1394.24,1661.75,portland,40.2,routine transmission
maint00002614,trk00013,2024-09-09,repair,166561,3.5,359.92,160.48,520.4,los angeles,36.7,scheduled repair
maint00002615,trk00045,2024-09-09,brake,607583,1.9,200.5,3052.4,3252.9,nashville,22.9,emergency brake
maint00002616,trk00088,2024-09-09,inspection,287607,7.4,877.99,72.79,950.78,houston,37.1,scheduled inspection
maint00002617,trk00044,2024-09-10,inspection,689255,4.5,480.08,48.43,528.51,portland,22.3,emergency inspection
maint00002618,trk00115,2024-09-10,transmission,331298,7.6,859.62,226.31,1085.93,detroit,44.3,routine transmission
maint00002619,trk00101,2024-09-10,inspection,369524,5.1,460.73,13.83,474.56,detroit,47.9,emergency inspection
maint00002620,trk00024,2024-09-10,engine,131594,4.3,366.87,1519.26,1886.13,oklahoma city,24.9,emergency engine
maint00002621,trk00001,2024-09-11,engine,293864,7.3,733.56,3338.6,4072.16,philadelphia,13.4,routine engine
maint00002622,trk00023,2024-09-11,inspection,598915,6.2,734.44,98.95,833.39,las vegas,43.0,emergency inspection
maint00002623,trk00005,2024-09-11,inspection,353340,5.7,579.71,135.88,715.59,los angeles,12.8,scheduled inspection
maint00002624,trk00038,2024-09-11,transmission,141148,1.1,108.21,2407.52,2515.73,omaha,14.8,emergency transmission
maint00002625,trk00017,2024-09-12,preventive,306862,2.7,330.11,3222.21,3552.32,las vegas,21.4,scheduled preventive
maint00002626,trk00062,2024-09-12,brake,58967,0.7,72.23,3119.96,3192.19,las vegas,46.8,scheduled brake
maint00002627,trk00022,2024-09-12,brake,354543,2.6,272.9,1082.99,1355.89,seattle,28.1,routine brake
maint00002628,trk00113,2024-09-13,engine,389472,4.5,451.1,2470.24,2921.34,detroit,11.2,scheduled engine
maint00002629,trk00079,2024-09-13,engine,483716,3.7,374.56,1699.85,2074.41,miami,30.4,scheduled engine
maint00002630,trk00010,2024-09-13,tire,221093,5.3,558.69,2290.93,2849.62,houston,5.7,scheduled tire
maint00002631,trk00055,2024-09-15,tire,224458,7.8,769.43,612.27,1381.7,miami,14.7,emergency tire
maint00002632,trk00052,2024-09-15,tire,344464,5.9,511.13,3478.53,3989.66,phoenix,27.5,emergency tire
maint00002633,trk00050,2024-09-16,inspection,121633,4.7,570.12,108.05,678.17,denver,16.7,routine inspection
maint00002634,trk00044,2024-09-16,tire,727138,0.6,56.88,838.93,895.81,charlotte,44.5,scheduled tire
maint00002635,trk00003,2024-09-16,repair,644783,7.0,617.16,3282.86,3900.02,omaha,10.0,emergency repair
maint00002636,trk00012,2024-09-17,repair,520902,2.6,242.17,1204.07,1446.24,milwaukee,24.0,scheduled repair
maint00002637,trk00022,2024-09-17,repair,60733,4.7,534.38,1407.3,1941.68,dallas,37.1,emergency repair
maint00002638,trk00025,2024-09-18,preventive,570070,4.8,465.43,3206.2,3671.63,nashville,9.9,routine preventive
maint00002639,trk00081,2024-09-18,engine,558739,1.2,114.34,3113.57,3227.91,memphis,6.6,emergency engine
maint00002640,trk00076,2024-09-18,engine,312687,6.0,612.07,3443.67,4055.74,philadelphia,44.1,routine engine
maint00002641,trk00088,2024-09-19,repair,107463,4.5,413.72,803.91,1217.63,columbus,15.7,emergency repair
maint00002642,trk00002,2024-09-21,inspection,748822,7.2,765.96,91.3,857.26,kansas city,31.3,routine inspection
maint00002643,trk00068,2024-09-22,inspection,481491,4.1,497.76,90.01,587.77,nashville,29.5,emergency inspection
maint00002644,trk00119,2024-09-22,inspection,254832,2.8,333.25,82.16,415.41,houston,30.1,emergency inspection
maint00002645,trk00010,2024-09-23,repair,427764,0.9,78.82,1039.23,1118.05,new york,6.1,routine repair
maint00002646,trk00020,2024-09-23,inspection,261919,7.8,719.86,117.84,837.7,memphis,20.2,scheduled inspection
maint00002647,trk00019,2024-09-24,engine,111613,6.8,645.7,1380.49,2026.19,charlotte,11.7,scheduled engine
maint00002648,trk00051,2024-09-25,transmission,95803,1.0,101.48,2122.87,2224.35,portland,37.5,scheduled transmission
maint00002649,trk00044,2024-09-25,repair,697316,6.5,745.6,2728.22,3473.82,chicago,28.4,emergency repair
maint00002650,trk00075,2024-09-25,brake,381987,5.8,593.69,1031.58,1625.27,denver,15.3,scheduled brake
maint00002651,trk00097,2024-09-25,tire,675084,1.4,166.49,2079.62,2246.11,dallas,25.8,emergency tire
maint00002652,trk00058,2024-09-25,repair,512566,4.3,519.01,1121.07,1640.08,milwaukee,13.2,routine repair
maint00002653,trk00063,2024-09-26,inspection,367152,5.8,665.05,74.52,739.57,philadelphia,41.2,emergency inspection
maint00002654,trk00010,2024-09-26,repair,737246,0.8,99.43,1266.11,1365.54,seattle,45.9,routine repair
maint00002655,trk00086,2024-09-26,inspection,382268,1.8,156.32,127.73,284.05,las vegas,16.7,routine inspection
maint00002656,trk00076,2024-09-26,inspection,363772,2.3,271.09,14.68,285.77,houston,6.2,emergency inspection
maint00002657,trk00017,2024-09-26,preventive,488535,0.9,77.4,2016.8,2094.2,columbus,22.3,routine preventive
maint00002658,trk00066,2024-09-27,engine,497042,4.3,398.73,2290.81,2689.54,dallas,36.6,routine engine
maint00002659,trk00064,2024-09-27,repair,573540,4.8,493.54,2244.25,2737.79,chicago,9.1,routine repair
maint00002660,trk00003,2024-09-27,brake,73320,3.7,327.29,376.73,704.02,phoenix,18.1,scheduled brake
maint00002661,trk00088,2024-09-27,engine,562786,2.2,189.98,2748.69,2938.67,philadelphia,39.3,routine engine
maint00002662,trk00070,2024-09-27,tire,95706,7.2,717.14,1158.45,1875.59,dallas,9.0,scheduled tire
maint00002663,trk00024,2024-09-27,repair,730835,1.1,103.92,2541.71,2645.63,minneapolis,23.7,routine repair
maint00002664,trk00009,2024-09-27,preventive,591428,2.5,268.81,2559.5,2828.31,portland,42.8,scheduled preventive
maint00002665,trk00008,2024-09-27,brake,449014,2.5,270.32,1334.36,1604.68,kansas city,6.2,scheduled brake
maint00002666,trk00055,2024-09-27,preventive,100105,5.4,549.43,1293.53,1842.96,los angeles,31.7,routine preventive
maint00002667,trk00118,2024-09-28,tire,512831,5.4,517.08,3425.8,3942.88,houston,46.5,scheduled tire
maint00002668,trk00063,2024-09-29,engine,747589,7.6,682.63,124.26,806.89,las vegas,18.9,routine engine
maint00002669,trk00081,2024-09-29,repair,314349,2.0,179.56,2767.38,2946.94,chicago,15.2,scheduled repair
maint00002670,trk00016,2024-09-29,preventive,378189,3.9,386.1,2521.99,2908.09,omaha,23.1,routine preventive
maint00002671,trk00053,2024-09-29,brake,628809,5.9,736.32,3201.95,3938.27,chicago,20.3,scheduled brake
maint00002672,trk00071,2024-09-30,engine,634456,6.1,653.25,2631.09,3284.34,dallas,23.5,routine engine
maint00002673,trk00067,2024-09-30,transmission,622392,2.4,255.12,603.69,858.81,dallas,37.1,routine transmission
maint00002674,trk00014,2024-10-01,brake,111571,6.7,823.67,465.16,1288.83,omaha,38.8,routine brake
maint00002675,trk00009,2024-10-01,tire,108624,3.9,462.74,3383.49,3846.23,chicago,41.2,routine tire
maint00002676,trk00110,2024-10-02,repair,714497,2.5,285.17,1335.36,1620.53,seattle,43.7,scheduled repair
maint00002677,trk00056,2024-10-02,preventive,694416,3.2,362.9,1446.97,1809.87,denver,33.3,scheduled preventive
maint00002678,trk00101,2024-10-02,transmission,674807,2.2,193.13,827.24,1020.37,memphis,22.0,routine transmission
maint00002679,trk00021,2024-10-02,tire,327224,5.2,611.02,651.77,1262.79,omaha,24.8,scheduled tire
maint00002680,trk00092,2024-10-03,preventive,695352,3.0,366.61,1857.09,2223.7,atlanta,2.4,emergency preventive
maint00002681,trk00026,2024-10-03,preventive,327075,5.0,428.26,1983.25,2411.51,atlanta,29.5,scheduled preventive
maint00002682,trk00073,2024-10-03,tire,56821,6.6,741.14,2806.74,3547.88,omaha,44.3,emergency tire
maint00002683,trk00081,2024-10-03,brake,730597,4.6,505.08,353.22,858.3,memphis,2.2,scheduled brake
maint00002684,trk00004,2024-10-04,tire,349248,4.3,387.17,149.33,536.5,columbus,22.5,scheduled tire
maint00002685,trk00020,2024-10-04,transmission,160583,5.2,607.69,1310.5,1918.19,miami,4.0,routine transmission
maint00002686,trk00080,2024-10-05,engine,628030,3.7,375.33,2288.6,2663.93,chicago,4.5,routine engine
maint00002687,trk00109,2024-10-05,repair,144708,3.0,304.07,2237.28,2541.35,dallas,26.1,routine repair
maint00002688,trk00058,2024-10-06,transmission,118613,4.9,438.02,135.75,573.77,las vegas,7.0,emergency transmission
maint00002689,trk00089,2024-10-06,brake,550498,0.6,72.19,1283.08,1355.27,miami,43.8,scheduled brake
maint00002690,trk00055,2024-10-06,repair,98355,6.2,694.27,689.29,1383.56,atlanta,12.7,routine repair
maint00002691,trk00023,2024-10-06,transmission,230490,2.1,199.52,1019.68,1219.2,denver,33.6,routine transmission
maint00002692,trk00012,2024-10-08,engine,401367,1.8,166.0,939.48,1105.48,nashville,30.7,emergency engine
maint00002693,trk00109,2024-10-08,inspection,95492,5.9,611.03,100.0,711.03,dallas,11.1,routine inspection
maint00002694,trk00030,2024-10-08,repair,327109,1.3,128.53,1752.59,1881.12,houston,17.6,routine repair
maint00002695,trk00062,2024-10-08,brake,732658,1.5,184.8,2131.83,2316.63,minneapolis,39.4,routine brake
maint00002696,trk00084,2024-10-08,brake,156046,7.2,707.12,1097.63,1804.75,salt lake city,12.3,scheduled brake
maint00002697,trk00120,2024-10-09,brake,337737,3.1,375.69,67.01,442.7,memphis,39.0,emergency brake
maint00002698,trk00089,2024-10-09,preventive,203255,7.6,877.07,1701.0,2578.07,phoenix,8.9,routine preventive
maint00002699,trk00090,2024-10-09,engine,554378,3.1,277.88,2348.57,2626.45,seattle,3.0,emergency engine
maint00002700,trk00030,2024-10-09,brake,472839,3.8,456.09,1282.67,1738.76,new york,23.3,emergency brake
maint00002701,trk00077,2024-10-10,repair,244740,5.2,555.73,3093.06,3648.79,charlotte,33.5,emergency repair
maint00002702,trk00091,2024-10-11,preventive,712923,5.8,610.09,2193.09,2803.18,philadelphia,27.8,scheduled preventive
maint00002703,trk00064,2024-10-11,tire,114427,7.6,724.81,3494.85,4219.66,chicago,5.4,emergency tire
maint00002704,trk00040,2024-10-11,tire,199787,5.6,566.85,2869.17,3436.02,chicago,10.9,emergency tire
maint00002705,trk00036,2024-10-12,engine,283005,2.5,232.65,3261.0,3493.65,milwaukee,36.2,routine engine
maint00002706,trk00064,2024-10-12,transmission,291274,1.0,99.38,1654.19,1753.57,columbus,21.4,routine transmission
maint00002707,trk00120,2024-10-12,tire,637315,7.7,938.47,2963.59,3902.06,indianapolis,5.3,scheduled tire
maint00002708,trk00101,2024-10-12,repair,469057,7.9,677.35,50.39,727.74,salt lake city,8.7,emergency repair
maint00002709,trk00052,2024-10-13,engine,586595,4.5,476.47,2746.97,3223.44,denver,32.4,emergency engine
maint00002710,trk00054,2024-10-13,inspection,462862,7.2,720.22,132.38,852.6,new york,41.7,scheduled inspection
maint00002711,trk00003,2024-10-13,repair,485640,6.1,738.73,2304.0,3042.73,indianapolis,16.4,scheduled repair
maint00002712,trk00021,2024-10-13,preventive,84020,0.5,53.67,560.53,614.2,new york,21.1,routine preventive
maint00002713,trk00108,2024-10-13,repair,715055,3.1,295.25,1311.27,1606.52,nashville,16.1,routine repair
maint00002714,trk00104,2024-10-13,preventive,555456,4.5,444.33,419.84,864.17,atlanta,21.8,routine preventive
maint00002715,trk00115,2024-10-13,transmission,736563,3.0,312.03,3489.65,3801.68,portland,12.2,routine transmission
maint00002716,trk00020,2024-10-14,repair,511264,1.0,97.55,2750.8,2848.35,phoenix,14.7,emergency repair
maint00002717,trk00002,2024-10-14,inspection,52845,6.4,614.64,37.14,651.78,detroit,5.3,emergency inspection
maint00002718,trk00034,2024-10-15,preventive,694599,3.7,406.73,1978.17,2384.9,minneapolis,19.6,emergency preventive
maint00002719,trk00001,2024-10-16,engine,324593,4.6,486.05,2157.04,2643.09,new york,36.6,scheduled engine
maint00002720,trk00009,2024-10-16,transmission,529013,3.6,390.12,3148.26,3538.38,dallas,28.9,scheduled transmission
maint00002721,trk00066,2024-10-16,inspection,714403,2.8,269.0,128.25,397.25,milwaukee,41.1,emergency inspection
maint00002722,trk00075,2024-10-17,brake,480224,6.4,753.59,2503.5,3257.09,milwaukee,19.6,scheduled brake
maint00002723,trk00055,2024-10-17,repair,532085,7.5,831.81,1918.61,2750.42,kansas city,37.8,emergency repair
maint00002724,trk00017,2024-10-17,brake,395208,4.7,440.66,2987.14,3427.8,miami,47.2,emergency brake
maint00002725,trk00104,2024-10-18,inspection,462920,3.9,388.62,16.55,405.17,las vegas,33.8,emergency inspection
maint00002726,trk00044,2024-10-19,tire,171196,5.9,599.48,1403.55,2003.03,chicago,27.8,emergency tire
maint00002727,trk00003,2024-10-19,preventive,545028,6.1,719.08,359.39,1078.47,phoenix,10.3,scheduled preventive
maint00002728,trk00098,2024-10-19,inspection,680310,7.2,878.4,61.95,940.35,miami,22.3,scheduled inspection
maint00002729,trk00076,2024-10-19,tire,375094,0.9,97.44,154.7,252.14,seattle,27.1,routine tire
maint00002730,trk00042,2024-10-20,inspection,259511,1.0,97.91,106.74,204.65,portland,46.0,emergency inspection
maint00002731,trk00063,2024-10-21,brake,437468,2.1,200.54,206.17,406.71,las vegas,16.8,routine brake
maint00002732,trk00120,2024-10-21,brake,439198,4.1,477.54,1934.22,2411.76,miami,42.0,routine brake
maint00002733,trk00005,2024-10-21,preventive,139037,4.3,409.59,2235.74,2645.33,salt lake city,8.3,routine preventive
maint00002734,trk00014,2024-10-22,repair,396165,6.0,743.29,3394.27,4137.56,milwaukee,8.4,routine repair
maint00002735,trk00031,2024-10-22,preventive,361813,8.0,848.75,1448.61,2297.36,memphis,17.9,emergency preventive
maint00002736,trk00078,2024-10-23,brake,131022,6.4,673.34,1892.51,2565.85,milwaukee,46.6,scheduled brake
maint00002737,trk00051,2024-10-23,repair,520017,6.4,686.33,118.59,804.92,minneapolis,22.9,routine repair
maint00002738,trk00082,2024-10-23,repair,153828,0.6,66.59,95.91,162.5,denver,14.2,routine repair
maint00002739,trk00076,2024-10-23,brake,710005,5.1,559.34,2087.19,2646.53,memphis,13.0,routine brake
maint00002740,trk00052,2024-10-24,inspection,588885,1.6,165.3,80.11,245.41,milwaukee,11.5,emergency inspection
maint00002741,trk00023,2024-10-24,transmission,221164,4.1,419.87,1113.07,1532.94,oklahoma city,21.9,emergency transmission
maint00002742,trk00105,2024-10-24,brake,89259,6.1,640.04,334.39,974.43,salt lake city,42.5,routine brake
maint00002743,trk00092,2024-10-24,tire,196123,5.6,616.47,596.15,1212.62,indianapolis,7.4,routine tire
maint00002744,trk00006,2024-10-24,inspection,540113,4.0,466.91,56.84,523.75,chicago,37.0,emergency inspection
maint00002745,trk00091,2024-10-25,preventive,415631,4.5,466.95,503.6,970.55,memphis,42.5,routine preventive
maint00002746,trk00117,2024-10-25,tire,474148,0.8,90.18,2946.36,3036.54,columbus,42.2,scheduled tire
maint00002747,trk00054,2024-10-26,engine,312762,2.1,189.31,3166.09,3355.4,las vegas,47.6,scheduled engine
maint00002748,trk00028,2024-10-26,transmission,189323,8.0,777.79,387.83,1165.62,houston,25.4,routine transmission
maint00002749,trk00029,2024-10-26,preventive,151004,4.6,510.14,334.97,845.11,detroit,6.5,emergency preventive
maint00002750,trk00030,2024-10-26,inspection,116849,5.3,453.01,11.31,464.32,charlotte,43.9,routine inspection
maint00002751,trk00045,2024-10-26,repair,678185,6.2,640.43,2365.45,3005.88,indianapolis,46.1,routine repair
maint00002752,trk00053,2024-10-26,inspection,86031,2.8,336.4,134.43,470.83,salt lake city,22.0,emergency inspection
maint00002753,trk00006,2024-10-27,engine,319156,0.8,87.33,2830.52,2917.85,columbus,34.5,routine engine
maint00002754,trk00120,2024-10-27,engine,705001,1.7,195.62,389.35,584.97,charlotte,45.6,routine engine
maint00002755,trk00083,2024-10-27,engine,128428,5.9,672.34,143.54,815.88,atlanta,37.7,routine engine
maint00002756,trk00063,2024-10-27,transmission,514925,2.3,224.77,3137.33,3362.1,houston,17.9,routine transmission
maint00002757,trk00006,2024-10-28,brake,122842,7.1,855.38,3296.37,4151.75,atlanta,15.8,routine brake
maint00002758,trk00027,2024-10-28,inspection,107126,7.0,616.24,12.91,629.15,indianapolis,23.0,routine inspection
maint00002759,trk00101,2024-10-29,transmission,261756,0.6,52.33,1282.28,1334.61,oklahoma city,18.8,scheduled transmission
maint00002760,trk00048,2024-10-29,preventive,189146,2.7,266.39,861.24,1127.63,salt lake city,42.9,emergency preventive
maint00002761,trk00081,2024-10-29,inspection,388202,1.5,153.89,102.11,256.0,indianapolis,9.1,scheduled inspection
maint00002762,trk00008,2024-10-29,brake,517072,5.1,442.43,902.62,1345.05,portland,31.3,routine brake
maint00002763,trk00046,2024-10-29,tire,695700,1.4,134.5,1710.96,1845.46,houston,40.8,emergency tire
maint00002764,trk00119,2024-10-30,tire,361178,4.0,464.33,3418.6,3882.93,kansas city,29.9,scheduled tire
maint00002765,trk00073,2024-10-30,brake,375965,5.6,491.26,1702.31,2193.57,philadelphia,18.0,emergency brake
maint00002766,trk00089,2024-10-30,transmission,543511,1.6,177.76,234.66,412.42,chicago,37.7,scheduled transmission
maint00002767,trk00103,2024-10-30,brake,366444,4.8,426.85,457.8,884.65,philadelphia,17.9,emergency brake
maint00002768,trk00038,2024-10-30,transmission,546593,3.9,350.64,2211.32,2561.96,omaha,39.7,emergency transmission
maint00002769,trk00047,2024-11-01,engine,684002,1.4,165.75,939.08,1104.83,oklahoma city,31.8,routine engine
maint00002770,trk00077,2024-11-01,repair,501522,6.5,669.28,530.5,1199.78,omaha,25.8,scheduled repair
maint00002771,trk00120,2024-11-01,tire,114294,6.2,550.33,1295.01,1845.34,charlotte,38.0,routine tire
maint00002772,trk00114,2024-11-02,engine,371465,2.9,287.44,1459.01,1746.45,dallas,9.9,scheduled engine
maint00002773,trk00023,2024-11-02,repair,89175,1.2,128.69,1663.74,1792.43,philadelphia,6.3,scheduled repair
maint00002774,trk00106,2024-11-02,tire,726622,6.8,644.91,2738.87,3383.78,denver,20.1,scheduled tire
maint00002775,trk00042,2024-11-03,preventive,462392,4.1,501.29,2347.45,2848.74,philadelphia,3.2,routine preventive
maint00002776,trk00041,2024-11-03,repair,587231,0.8,94.76,3001.27,3096.03,chicago,42.7,emergency repair
maint00002777,trk00068,2024-11-03,preventive,656643,1.1,130.04,1281.78,1411.82,denver,40.4,routine preventive
maint00002778,trk00106,2024-11-03,preventive,76172,2.2,236.64,2837.81,3074.45,atlanta,44.1,routine preventive
maint00002779,trk00052,2024-11-04,engine,742462,1.5,169.92,352.08,522.0,dallas,17.1,emergency engine
maint00002780,trk00052,2024-11-04,engine,739532,1.7,156.87,1353.88,1510.75,seattle,4.6,scheduled engine
maint00002781,trk00091,2024-11-04,repair,292225,4.2,368.45,3222.4,3590.85,los angeles,28.1,scheduled repair
maint00002782,trk00084,2024-11-05,transmission,220002,4.4,409.87,2145.53,2555.4,nashville,35.0,routine transmission
maint00002783,trk00062,2024-11-06,preventive,743139,5.5,685.43,1361.6,2047.03,seattle,44.5,routine preventive
maint00002784,trk00094,2024-11-06,brake,68757,2.4,223.81,2883.48,3107.29,memphis,35.9,emergency brake
maint00002785,trk00053,2024-11-06,brake,52018,6.6,606.39,3014.22,3620.61,milwaukee,4.0,emergency brake
maint00002786,trk00115,2024-11-07,inspection,439708,4.0,354.5,105.94,460.44,indianapolis,20.6,routine inspection
maint00002787,trk00036,2024-11-07,inspection,59212,2.3,262.2,139.0,401.2,detroit,9.9,scheduled inspection
maint00002788,trk00052,2024-11-07,repair,636437,7.6,712.69,2798.55,3511.24,atlanta,7.1,emergency repair
maint00002789,trk00026,2024-11-08,transmission,93921,6.5,766.12,2863.73,3629.85,nashville,8.2,emergency transmission
maint00002790,trk00027,2024-11-08,inspection,196679,3.3,404.85,70.02,474.87,philadelphia,27.6,scheduled inspection
maint00002791,trk00003,2024-11-08,preventive,110932,5.4,557.54,1772.72,2330.26,dallas,47.8,scheduled preventive
maint00002792,trk00098,2024-11-10,repair,396677,1.3,154.9,619.62,774.52,los angeles,8.8,scheduled repair
maint00002793,trk00031,2024-11-10,brake,467008,7.1,654.66,2083.59,2738.25,new york,10.7,routine brake
maint00002794,trk00104,2024-11-10,repair,373139,2.2,254.14,974.55,1228.69,miami,37.6,routine repair
maint00002795,trk00105,2024-11-10,engine,278010,2.3,254.66,2835.91,3090.57,miami,46.0,routine engine
maint00002796,trk00081,2024-11-11,transmission,92597,4.1,389.95,3259.97,3649.92,seattle,8.1,routine transmission
maint00002797,trk00088,2024-11-11,transmission,577889,5.2,631.9,1622.36,2254.26,oklahoma city,21.9,routine transmission
maint00002798,trk00071,2024-11-12,brake,372735,1.0,117.84,860.07,977.91,milwaukee,42.8,routine brake
maint00002799,trk00061,2024-11-12,repair,573522,2.6,242.36,117.57,359.93,minneapolis,9.6,routine repair
maint00002800,trk00063,2024-11-12,inspection,250735,5.1,441.91,55.07,496.98,salt lake city,6.3,routine inspection
maint00002801,trk00049,2024-11-12,transmission,273584,5.4,600.43,142.26,742.69,philadelphia,16.0,routine transmission
maint00002802,trk00058,2024-11-13,repair,476294,7.9,894.35,2716.23,3610.58,las vegas,11.6,emergency repair
maint00002803,trk00057,2024-11-13,brake,112440,4.1,435.2,2508.16,2943.36,minneapolis,26.9,scheduled brake
maint00002804,trk00044,2024-11-13,preventive,411248,1.7,183.08,207.0,390.08,new york,46.1,scheduled preventive
maint00002805,trk00115,2024-11-14,inspection,68490,1.5,131.85,105.03,236.88,salt lake city,38.6,scheduled inspection
maint00002806,trk00078,2024-11-14,preventive,417337,6.1,564.26,1450.09,2014.35,kansas city,25.7,scheduled preventive
maint00002807,trk00072,2024-11-15,preventive,677777,1.3,139.3,290.23,429.53,dallas,9.5,routine preventive
maint00002808,trk00056,2024-11-15,transmission,731021,0.8,81.63,1624.88,1706.51,los angeles,13.0,emergency transmission
maint00002809,trk00007,2024-11-15,engine,501684,2.6,280.98,947.02,1228.0,chicago,42.0,emergency engine
maint00002810,trk00005,2024-11-15,repair,183601,6.3,762.04,207.87,969.91,denver,35.1,scheduled repair
maint00002811,trk00067,2024-11-16,preventive,579652,4.7,581.87,1110.11,1691.98,kansas city,16.0,routine preventive
maint00002812,trk00077,2024-11-17,preventive,162244,7.0,776.14,429.27,1205.41,seattle,42.4,scheduled preventive
maint00002813,trk00005,2024-11-18,tire,651190,5.6,483.21,2269.23,2752.44,oklahoma city,38.9,emergency tire
maint00002814,trk00038,2024-11-18,tire,452343,3.0,315.41,2129.02,2444.43,los angeles,45.5,routine tire
maint00002815,trk00084,2024-11-18,brake,705047,4.9,548.12,1306.83,1854.95,indianapolis,6.4,scheduled brake
maint00002816,trk00039,2024-11-18,tire,72469,2.3,245.43,1430.77,1676.2,houston,41.8,scheduled tire
maint00002817,trk00069,2024-11-19,tire,179285,1.5,167.89,827.27,995.16,salt lake city,25.2,routine tire
maint00002818,trk00078,2024-11-19,engine,729575,0.7,72.27,1384.1,1456.37,seattle,43.5,emergency engine
maint00002819,trk00119,2024-11-19,repair,220964,6.5,809.26,1695.5,2504.76,salt lake city,4.5,emergency repair
maint00002820,trk00040,2024-11-20,transmission,192126,5.5,477.56,2987.12,3464.68,portland,37.9,emergency transmission
maint00002821,trk00116,2024-11-21,preventive,68323,2.2,246.88,2897.08,3143.96,omaha,5.0,emergency preventive
maint00002822,trk00062,2024-11-22,transmission,476316,1.2,102.71,330.6,433.31,new york,32.6,scheduled transmission
maint00002823,trk00060,2024-11-22,tire,409809,4.2,517.73,1789.36,2307.09,miami,7.0,routine tire
maint00002824,trk00078,2024-11-22,repair,68326,0.6,58.48,848.77,907.25,los angeles,41.8,emergency repair
maint00002825,trk00022,2024-11-23,engine,368963,1.3,152.52,3376.9,3529.42,nashville,10.6,routine engine
maint00002826,trk00118,2024-11-23,repair,611191,6.5,593.5,3308.64,3902.14,las vegas,44.9,emergency repair
maint00002827,trk00040,2024-11-23,engine,551168,6.0,608.28,3067.04,3675.32,portland,45.6,routine engine
maint00002828,trk00010,2024-11-24,inspection,75047,1.3,145.83,13.21,159.04,los angeles,15.6,routine inspection
maint00002829,trk00010,2024-11-24,inspection,528740,4.1,386.88,45.78,432.66,chicago,10.2,scheduled inspection
maint00002830,trk00030,2024-11-24,engine,242400,0.7,61.6,2791.81,2853.41,kansas city,47.1,emergency engine
maint00002831,trk00065,2024-11-24,preventive,573822,2.2,256.6,3186.53,3443.13,detroit,41.4,routine preventive
maint00002832,trk00024,2024-11-25,preventive,290417,7.9,847.32,2907.73,3755.05,columbus,28.9,scheduled preventive
maint00002833,trk00043,2024-11-26,tire,629914,6.0,603.35,2716.98,3320.33,miami,44.3,scheduled tire
maint00002834,trk00088,2024-11-26,transmission,61180,6.3,645.84,2814.23,3460.07,chicago,39.7,emergency transmission
maint00002835,trk00053,2024-11-26,repair,535469,1.6,189.63,3365.43,3555.06,memphis,8.2,routine repair
maint00002836,trk00118,2024-11-27,repair,544032,4.4,384.92,539.75,924.67,miami,35.4,emergency repair
maint00002837,trk00050,2024-11-28,tire,732165,3.5,314.68,426.92,741.6,omaha,36.5,emergency tire
maint00002838,trk00113,2024-11-28,preventive,625844,6.1,749.45,2898.3,3647.75,chicago,18.8,routine preventive
maint00002839,trk00075,2024-11-28,preventive,487851,6.5,724.02,1763.53,2487.55,chicago,39.0,scheduled preventive
maint00002840,trk00054,2024-11-29,inspection,90265,2.5,244.18,70.91,315.09,oklahoma city,24.1,scheduled inspection
maint00002841,trk00057,2024-11-29,transmission,350325,4.9,480.19,2638.18,3118.37,portland,17.1,emergency transmission
maint00002842,trk00061,2024-11-29,repair,676723,3.6,388.12,1931.48,2319.6,indianapolis,29.3,emergency repair
maint00002843,trk00046,2024-11-30,preventive,367335,5.5,566.53,1195.73,1762.26,houston,41.6,emergency preventive
maint00002844,trk00062,2024-12-01,brake,520878,2.9,356.84,1063.06,1419.9,oklahoma city,22.5,routine brake
maint00002845,trk00075,2024-12-01,transmission,116551,2.1,250.55,1552.95,1803.5,detroit,11.2,scheduled transmission
maint00002846,trk00035,2024-12-01,preventive,530420,7.6,797.89,2756.04,3553.93,milwaukee,42.9,scheduled preventive
maint00002847,trk00047,2024-12-01,brake,577956,1.5,182.68,1345.12,1527.8,los angeles,35.5,scheduled brake
maint00002848,trk00035,2024-12-02,repair,729689,2.3,277.85,1893.67,2171.52,philadelphia,45.6,routine repair
maint00002849,trk00020,2024-12-02,repair,278358,7.2,712.98,2401.57,3114.55,new york,37.5,scheduled repair
maint00002850,trk00041,2024-12-02,transmission,240582,3.4,327.14,2907.35,3234.49,seattle,11.7,routine transmission
maint00002851,trk00110,2024-12-03,preventive,182821,4.1,354.52,1294.29,1648.81,miami,29.0,routine preventive
maint00002852,trk00104,2024-12-03,inspection,181404,1.4,122.27,129.43,251.7,kansas city,34.2,scheduled inspection
maint00002853,trk00075,2024-12-04,transmission,743213,6.5,682.73,2028.18,2710.91,indianapolis,33.1,scheduled transmission
maint00002854,trk00104,2024-12-05,preventive,503112,6.7,824.05,1091.18,1915.23,houston,7.5,emergency preventive
maint00002855,trk00109,2024-12-05,repair,168714,1.5,186.51,3000.58,3187.09,omaha,36.8,emergency repair
maint00002856,trk00073,2024-12-05,brake,425257,0.8,73.15,3205.17,3278.32,las vegas,33.9,routine brake
maint00002857,trk00078,2024-12-05,brake,612021,4.1,396.03,2451.86,2847.89,omaha,19.2,emergency brake
maint00002858,trk00001,2024-12-05,preventive,351017,7.2,711.71,2638.69,3350.4,houston,12.0,routine preventive
maint00002859,trk00045,2024-12-06,repair,65378,3.4,356.14,1885.66,2241.8,atlanta,10.1,emergency repair
maint00002860,trk00116,2024-12-08,engine,224473,4.0,459.88,374.98,834.86,milwaukee,27.4,emergency engine
maint00002861,trk00098,2024-12-09,inspection,439969,2.9,251.72,42.2,293.92,denver,14.1,emergency inspection
maint00002862,trk00078,2024-12-09,brake,486741,3.5,297.71,891.26,1188.97,las vegas,28.3,routine brake
maint00002863,trk00026,2024-12-09,tire,657672,1.9,190.58,1171.51,1362.09,kansas city,33.1,routine tire
maint00002864,trk00075,2024-12-10,preventive,506765,7.9,965.71,3460.86,4426.57,denver,4.7,routine preventive
maint00002865,trk00021,2024-12-10,brake,532667,5.1,585.31,1078.04,1663.35,new york,26.4,scheduled brake
maint00002866,trk00065,2024-12-10,brake,384279,6.0,737.9,1815.99,2553.89,phoenix,35.8,routine brake
maint00002867,trk00009,2024-12-10,repair,480703,2.7,318.25,1461.75,1780.0,chicago,23.7,routine repair
maint00002868,trk00031,2024-12-10,tire,219285,1.7,160.94,624.12,785.06,kansas city,34.5,scheduled tire
maint00002869,trk00120,2024-12-11,preventive,56070,6.1,615.52,382.69,998.21,las vegas,6.3,routine preventive
maint00002870,trk00062,2024-12-11,tire,479663,5.0,612.38,428.63,1041.01,miami,3.2,routine tire
maint00002871,trk00010,2024-12-11,brake,54942,6.6,643.45,975.76,1619.21,memphis,38.1,routine brake
maint00002872,trk00063,2024-12-12,engine,82745,8.0,907.27,1385.18,2292.45,minneapolis,29.1,emergency engine
maint00002873,trk00087,2024-12-12,inspection,740344,3.5,413.66,53.09,466.75,dallas,9.8,emergency inspection
maint00002874,trk00099,2024-12-12,transmission,687399,5.1,563.07,920.13,1483.2,portland,25.1,emergency transmission
maint00002875,trk00081,2024-12-13,inspection,174530,3.5,333.56,97.44,431.0,atlanta,35.4,routine inspection
maint00002876,trk00068,2024-12-13,inspection,601990,4.2,515.15,105.56,620.71,omaha,17.8,scheduled inspection
maint00002877,trk00076,2024-12-13,engine,498084,4.4,377.59,3209.54,3587.13,miami,29.0,routine engine
maint00002878,trk00071,2024-12-14,engine,645418,6.3,742.03,1312.39,2054.42,kansas city,29.1,scheduled engine
maint00002879,trk00021,2024-12-14,engine,639007,4.2,474.28,2427.55,2901.83,kansas city,47.6,scheduled engine
maint00002880,trk00085,2024-12-14,engine,229569,4.9,524.97,2406.23,2931.2,omaha,32.1,scheduled engine
maint00002881,trk00032,2024-12-15,preventive,670739,0.7,75.98,2585.86,2661.84,columbus,3.8,scheduled preventive
maint00002882,trk00051,2024-12-15,brake,194278,5.2,559.81,2487.64,3047.45,las vegas,21.1,scheduled brake
maint00002883,trk00031,2024-12-16,transmission,670608,6.0,710.12,2349.75,3059.87,los angeles,25.7,routine transmission
maint00002884,trk00074,2024-12-16,tire,658131,4.0,374.58,1090.4,1464.98,dallas,42.1,routine tire
maint00002885,trk00067,2024-12-16,inspection,486514,5.7,531.06,61.21,592.27,denver,34.7,routine inspection
maint00002886,trk00026,2024-12-16,tire,611116,3.2,387.9,2461.64,2849.54,kansas city,7.3,emergency tire
maint00002887,trk00068,2024-12-17,transmission,733649,6.7,579.14,2772.38,3351.52,seattle,16.0,emergency transmission
maint00002888,trk00032,2024-12-18,preventive,375754,5.6,566.0,2003.74,2569.74,oklahoma city,15.9,scheduled preventive
maint00002889,trk00032,2024-12-18,engine,593498,2.1,244.4,904.04,1148.44,new york,2.2,scheduled engine
maint00002890,trk00050,2024-12-19,brake,306020,3.1,377.56,1344.11,1721.67,columbus,16.9,routine brake
maint00002891,trk00105,2024-12-19,brake,230026,5.8,578.07,721.89,1299.96,los angeles,40.5,scheduled brake
maint00002892,trk00031,2024-12-20,inspection,360391,5.6,554.38,39.1,593.48,dallas,25.4,emergency inspection
maint00002893,trk00090,2024-12-20,engine,257076,5.5,538.34,2748.94,3287.28,charlotte,16.7,scheduled engine
maint00002894,trk00040,2024-12-22,engine,276330,3.7,327.8,3235.2,3563.0,salt lake city,10.9,emergency engine
maint00002895,trk00093,2024-12-22,preventive,652418,5.3,618.34,322.37,940.71,denver,44.9,emergency preventive
maint00002896,trk00003,2024-12-23,inspection,484373,3.3,295.84,136.49,432.33,oklahoma city,33.7,routine inspection
maint00002897,trk00102,2024-12-23,brake,60666,4.8,524.14,2950.72,3474.86,salt lake city,10.3,emergency brake
maint00002898,trk00067,2024-12-23,tire,428547,1.3,118.56,1331.5,1450.06,dallas,12.0,routine tire
maint00002899,trk00041,2024-12-23,tire,296519,1.4,127.83,2770.9,2898.73,kansas city,11.7,routine tire
maint00002900,trk00062,2024-12-24,repair,539097,2.0,220.83,529.77,750.6,philadelphia,32.3,scheduled repair
maint00002901,trk00089,2024-12-25,brake,153665,4.1,371.13,630.9,1002.03,atlanta,35.1,routine brake
maint00002902,trk00072,2024-12-26,engine,242820,1.9,225.69,1468.21,1693.9,miami,24.9,scheduled engine
maint00002903,trk00096,2024-12-26,preventive,417090,1.1,99.25,3270.99,3370.24,houston,33.1,routine preventive
maint00002904,trk00036,2024-12-27,brake,704513,2.0,213.91,1261.27,1475.18,detroit,13.7,emergency brake
maint00002905,trk00027,2024-12-27,engine,191863,6.2,718.89,3149.78,3868.67,miami,15.3,emergency engine
maint00002906,trk00065,2024-12-29,preventive,358279,2.2,249.77,696.8,946.57,phoenix,2.9,scheduled preventive
maint00002907,trk00105,2024-12-29,inspection,397766,6.6,656.95,144.21,801.16,philadelphia,38.5,scheduled inspection
maint00002908,trk00055,2024-12-29,transmission,93083,3.6,412.44,3489.45,3901.89,oklahoma city,29.1,emergency transmission
maint00002909,trk00061,2024-12-29,transmission,729677,2.8,267.41,2728.28,2995.69,dallas,12.5,emergency transmission
maint00002910,trk00051,2024-12-29,transmission,390152,4.2,403.51,1985.13,2388.64,memphis,22.8,emergency transmission
maint00002911,trk00113,2024-12-29,engine,580806,7.9,839.6,2504.01,3343.61,las vegas,11.7,routine engine
maint00002912,trk00002,2024-12-30,tire,526278,2.9,308.28,3085.82,3394.1,kansas city,5.2,scheduled tire
maint00002913,trk00055,2024-12-30,repair,89264,0.5,50.93,1323.67,1374.6,dallas,30.4,scheduled repair
maint00002914,trk00082,2024-12-30,engine,612408,7.1,713.05,2925.87,3638.92,seattle,15.7,scheduled engine
maint00002915,trk00045,2024-12-30,inspection,224736,4.1,353.37,56.56,409.93,denver,27.1,routine inspection
maint00002916,trk00073,2024-12-30,inspection,121686,3.9,443.92,34.02,477.94,columbus,41.0,scheduled inspection
maint00002917,trk00044,2024-12-31,preventive,741255,5.8,669.72,1465.92,2135.64,charlotte,12.8,emergency preventive
maint00002918,trk00066,2024-12-31,repair,460473,1.7,178.71,474.54,653.25,philadelphia,38.3,scheduled repair
maint00002919,trk00093,2024-12-31,engine,281388,7.1,629.69,2614.91,3244.6,las vegas,16.8,scheduled engine
maint00002920,trk00086,2024-12-31,tire,196333,7.7,825.6,2492.49,3318.09,memphis,34.0,routine tire
